timestamp,src_ip,pkt_count,byte_count,pkts_per_sec,bytes_per_sec,unique_dst_ips,unique_dst_ports,avg_pkt_size,std_ias,syn_count,syn_ratio,arp_req,arp_rep,mac_changes
1763682922.5000489,10.0.2.20,7,518,0.7,51.8,4,0,74.0,0.0009612265353630719,0,0,3,0,0
1763682922.5091817,10.0.2.10,2,140,0.2,14.0,1,0,70.0,0,0,0,0,1,0
1763682922.530355,10.0.2.11,2,140,0.2,14.0,1,0,70.0,0,0,0,0,1,0
1763682922.5477061,10.0.2.1,1,42,0.1,4.2,0,0,42.0,0,0,0,0,1,0
1763682922.5636458,10.0.1.1,1,98,0.1,9.8,1,0,98.0,0,0,0,0,0,0
1763682924.581929,10.0.2.20,14,1372,1.4,137.2,6,0,98.0,0.010252340959425503,0,0,0,0,11
1763682924.5967712,10.0.2.10,19,1750,1.9,175.0,7,0,92.10526315789474,0.008207385651863108,0,0,2,0,11
1763682924.6219118,10.0.2.11,19,1750,1.9,175.0,7,0,92.10526315789474,0.008400822329637627,0,0,1,1,11
1763682924.638649,10.0.2.1,5,378,0.5,37.8,3,0,75.6,0.010837090376770853,0,0,0,2,0
1763682924.6537616,10.0.1.1,11,910,1.1,91.0,5,0,82.72727272727273,0.00871678008200578,0,0,3,0,3
1763682924.671159,10.0.1.10,21,1890,2.1,189.0,6,0,90.0,0.010274083638611913,0,0,2,1,12
1763682924.6883411,10.0.1.11,21,1890,2.1,189.0,6,0,90.0,0.00948651281244326,0,0,1,2,12
1763682924.7073073,10.0.1.12,21,1890,2.1,189.0,6,0,90.0,0.009612235384682527,0,0,0,3,12
1763682927.7277992,10.0.2.20,3,126,0.3,12.6,0,0,42.0,0.14995169639587402,0,0,0,3,1
1763682927.7380185,10.0.2.10,1,42,0.1,4.2,0,0,42.0,0,0,0,1,0,1
1763682927.7612352,10.0.2.11,1,42,0.1,4.2,0,0,42.0,0,0,0,1,0,1
1763682927.7809162,10.0.2.1,1,42,0.1,4.2,0,0,42.0,0,0,0,1,0,0
1763682929.8028054,10.0.2.10,2,84,0.2,8.4,0,0,42.0,0,0,0,0,2,0
1763682929.8107111,10.0.2.11,2,84,0.2,8.4,0,0,42.0,0,0,0,1,1,0
1763682929.835657,10.0.2.1,2,84,0.2,8.4,0,0,42.0,0,0,0,2,0,0
1763682929.856422,10.0.1.1,3,126,0.3,12.6,0,0,42.0,7.200241088867188e-05,0,0,0,3,0
1763682929.8781717,10.0.1.10,3,126,0.3,12.6,0,0,42.0,0.0011625289916992188,0,0,1,2,0
1763682929.8975146,10.0.1.11,3,126,0.3,12.6,0,0,42.0,0.0009659528732299805,0,0,2,1,0
1763682929.9221122,10.0.1.12,3,126,0.3,12.6,0,0,42.0,8.594989776611328e-05,0,0,3,0,0
1763682942.952187,10.0.2.20,21,1890,2.1,189.0,7,0,90.0,0.008285629555823907,0,0,3,0,11
1763682942.957139,10.0.2.10,25,2310,2.5,231.0,7,1,92.4,0.04545788639090506,2,0.5,2,1,13
1763682942.9816425,10.0.2.11,25,2310,2.5,231.0,7,1,92.4,0.04455869551595514,2,0.5,1,2,13
1763682942.9959176,10.0.2.1,6,420,0.6,42.0,3,0,70.0,0.011334672304962724,0,0,0,3,1
1763682943.0150027,10.0.1.1,12,1008,1.2,100.8,6,0,84.0,0.008958327195669968,0,0,3,0,4
1763682943.0331988,10.0.1.10,31,2614,3.1,261.4,6,6,84.3225806451613,0.031143298219637027,0,0.0,2,1,14
1763682943.0488951,10.0.1.11,32,10020,3.2,1002.0,6,2,313.125,0.030420639040221544,3,0.2727272727272727,1,2,12
1763682943.0691533,10.0.1.12,24,2236,2.4,223.6,6,1,93.16666666666667,0.04785236159481021,1,0.3333333333333333,0,3,12
1763682944.08838,10.0.2.10,4,420,0.4,42.0,1,1,105.0,0.0009575062761717938,2,0.5,0,0,2
1763682944.09135,10.0.1.10,6,420,0.6,42.0,2,2,70.0,0.03956082269354592,0,0.0,0,0,3
1763682944.1119316,10.0.1.11,1,74,0.1,7.4,1,1,74.0,0,1,1.0,0,0,0
1763682945.1252859,10.0.2.11,3,214,0.3,21.4,1,1,71.33333333333333,0.002378225326538086,2,0.6666666666666666,0,0,2
1763682945.1348543,10.0.1.10,6,540,0.6,54.0,2,2,90.0,0.05581646429717543,0,0.0,0,0,2
1763682945.1543355,10.0.1.11,1,74,0.1,7.4,1,1,74.0,0,1,1.0,0,0,0
1763682946.1704097,10.0.1.10,5,346,0.5,34.6,2,2,69.2,0.09453666498804214,0,0.0,0,0,1
1763682946.1745718,10.0.1.11,1,74,0.1,7.4,1,1,74.0,0,1,1.0,0,0,0
1763682946.2004125,10.0.1.12,1,74,0.1,7.4,1,1,74.0,0,1,1.0,0,0,0
1763682947.220031,10.0.2.10,4,420,0.4,42.0,1,1,105.0,0.0011277453000978527,2,0.5,0,0,2
1763682947.227527,10.0.2.11,4,420,0.4,42.0,1,1,105.0,0.0008807378159301632,2,0.5,0,0,2
1763682947.2546868,10.0.1.10,10,692,1.0,69.2,2,2,69.2,0.2848882610308538,0,0.0,0,0,7
1763682948.2785065,10.0.2.20,3,126,0.3,12.6,0,0,42.0,6.341934204101562e-05,0,0,0,3,1
1763682948.2832952,10.0.2.10,2,84,0.2,8.4,0,0,42.0,0,0,0,1,1,1
1763682948.2997692,10.0.2.11,2,84,0.2,8.4,0,0,42.0,0,0,0,2,0,1
1763682948.3146415,10.0.2.1,1,42,0.1,4.2,0,0,42.0,0,0,0,1,0,0
1763682948.3301477,10.0.1.1,2,84,0.2,8.4,0,0,42.0,0,0,0,0,2,0
1763682948.3462727,10.0.1.10,1,74,0.1,7.4,1,1,74.0,0,0,0.0,0,0,1
1763682948.3606498,10.0.1.11,5,430,0.5,43.0,1,1,86.0,0.10419009302912975,1,0.3333333333333333,1,1,0
1763682948.3725898,10.0.1.12,2,84,0.2,8.4,0,0,42.0,0,0,0,2,0,0
1763682949.3903513,10.0.2.10,4,420,0.4,42.0,1,1,105.0,0.0012866699231636454,2,0.5,0,0,1
1763682949.3939385,10.0.2.11,4,420,0.4,42.0,1,1,105.0,0.0010020313572587601,2,0.5,0,0,1
1763682949.416596,10.0.1.10,13,1018,1.3,101.8,3,3,78.3076923076923,0.12365415787903203,0,0.0,0,0,8
1763682949.4332263,10.0.1.12,1,74,0.1,7.4,1,1,74.0,0,1,1.0,0,0,0
1763682950.4499032,10.0.2.11,4,420,0.4,42.0,1,1,105.0,0.001152424826731868,2,0.5,0,0,2
1763682950.4608068,10.0.1.10,9,738,0.9,73.8,2,2,82.0,0.04270763970789945,0,0.0,0,0,3
1763682950.478198,10.0.1.11,1,74,0.1,7.4,1,1,74.0,0,1,1.0,0,0,0
1763682951.4963458,10.0.2.10,4,420,0.4,42.0,1,1,105.0,0.0009649340271680358,2,0.5,0,0,2
1763682951.5013971,10.0.1.10,4,280,0.4,28.0,1,1,70.0,0.0005853096104006155,0,0.0,0,0,4
1763682952.5242093,10.0.2.11,4,420,0.4,42.0,1,1,105.0,0.0007907741151338028,2,0.5,0,0,2
1763682952.5292125,10.0.1.10,9,998,0.9,99.8,3,3,110.88888888888889,0.05866487475607544,0,0.0,0,0,5
1763682952.554112,10.0.1.11,1,74,0.1,7.4,1,1,74.0,0,1,1.0,0,0,0
1763682952.579621,10.0.1.12,1,74,0.1,7.4,1,1,74.0,0,1,1.0,0,0,0
1763682953.6142266,10.0.2.10,4,420,0.4,42.0,1,1,105.0,0.0014310372410722772,2,0.5,0,0,2
1763682953.618751,10.0.2.11,2,148,0.2,14.8,1,1,74.0,0,2,1.0,0,0,2
1763682953.6454105,10.0.1.10,9,634,0.9,63.4,3,3,70.44444444444444,0.07812363624707942,0,0.0,0,0,6
1763682953.6682372,10.0.1.11,1,74,0.1,7.4,1,1,74.0,0,1,1.0,0,0,0
1763682954.6910887,10.0.2.10,2,148,0.2,14.8,1,1,74.0,0,2,1.0,0,0,2
1763682954.69766,10.0.1.10,4,288,0.4,28.8,2,2,72.0,0.06145179360713346,0,0.0,0,0,1
1763682954.7232807,10.0.1.11,1,74,0.1,7.4,1,1,74.0,0,1,1.0,0,0,0
1763682955.748768,10.0.2.10,2,148,0.2,14.8,1,1,74.0,0,2,1.0,0,0,2
1763682955.7562258,10.0.2.11,4,420,0.4,42.0,1,1,105.0,0.0019148669712242942,2,0.5,0,0,2
1763682955.782705,10.0.1.10,6,428,0.6,42.8,2,2,71.33333333333333,0.3269502175064052,0,0.0,0,0,4
1763682956.8052394,10.0.1.10,3,206,0.3,20.6,1,1,68.66666666666667,0.0024298429489135742,0,0.0,0,0,1
1763682956.8173106,10.0.1.12,1,74,0.1,7.4,1,1,74.0,0,1,1.0,0,0,0
1763682957.8607652,10.0.2.10,2,148,0.2,14.8,1,1,74.0,0,2,1.0,0,0,2
1763682957.8696976,10.0.2.11,2,148,0.2,14.8,1,1,74.0,0,2,1.0,0,0,2
1763682957.8965015,10.0.1.10,9,634,0.9,63.4,3,3,70.44444444444444,0.19346267572204207,0,0.0,0,0,3
1763682957.915808,10.0.1.11,3,346,0.3,34.6,1,1,115.33333333333333,0.0021065473556518555,1,0.3333333333333333,0,0,0
1763682958.943855,10.0.1.10,2,140,0.2,14.0,1,1,70.0,0,0,0.0,0,0,1
1763682958.950535,10.0.1.12,1,74,0.1,7.4,1,1,74.0,0,1,1.0,0,0,0
1763682959.9779758,10.0.2.10,2,148,0.2,14.8,1,1,74.0,0,2,1.0,0,0,2
1763682959.9851022,10.0.2.11,4,420,0.4,42.0,1,1,105.0,0.0009927468751913303,2,0.5,0,0,2
1763682960.0111618,10.0.1.10,11,766,1.1,76.6,3,3,69.63636363636364,0.15026269569727269,0,0.0,0,0,6
1763682960.0495126,10.0.1.11,1,74,0.1,7.4,1,1,74.0,0,1,1.0,0,0,0
1763682961.076885,10.0.2.10,2,148,0.2,14.8,1,1,74.0,0,2,1.0,0,0,2
1763682961.082628,10.0.2.11,2,148,0.2,14.8,1,1,74.0,0,2,1.0,0,0,2
1763682961.1086082,10.0.1.10,9,634,0.9,63.4,3,3,70.44444444444444,0.0747603905277815,0,0.0,0,0,4
1763682961.1337624,10.0.1.11,1,74,0.1,7.4,1,1,74.0,0,1,1.0,0,0,0
1763682963.1577957,10.0.2.10,4,420,0.4,42.0,1,1,105.0,0.0018990212789124195,2,0.5,0,0,2
1763682963.163914,10.0.1.10,7,486,0.7,48.6,2,2,69.42857142857143,0.001184746640521319,0,0.0,0,0,3
1763682963.1877184,10.0.1.11,1,74,0.1,7.4,1,1,74.0,0,1,1.0,0,0,0
1763682964.2053409,10.0.2.11,4,420,0.4,42.0,1,1,105.0,0.0013502936132344019,2,0.5,0,0,2
1763682964.2178495,10.0.1.10,8,560,0.8,56.0,3,3,70.0,0.1329459926799391,0,0.0,0,0,5
1763682964.2477493,10.0.1.11,1,74,0.1,7.4,1,1,74.0,0,1,1.0,0,0,0
1763682964.2769377,10.0.1.12,1,74,0.1,7.4,1,1,74.0,0,1,1.0,0,0,0
1763682965.3018956,10.0.2.11,4,420,0.4,42.0,1,1,105.0,0.0010372602130369452,2,0.5,0,0,2
1763682965.3204057,10.0.1.10,4,280,0.4,28.0,1,1,70.0,0.0004712894832794908,0,0.0,0,0,3
1763682966.3480957,10.0.2.10,4,420,0.4,42.0,1,1,105.0,0.001318436217795869,2,0.5,0,0,2
1763682966.3546214,10.0.1.10,8,552,0.8,55.2,2,2,69.0,0.029611471081323636,0,0.0,0,0,4
1763682966.3841028,10.0.1.12,1,74,0.1,7.4,1,1,74.0,0,1,1.0,0,0,0
1763682967.4195645,10.0.2.11,2,148,0.2,14.8,1,1,74.0,0,2,1.0,0,0,2
1763682967.426923,10.0.1.10,6,420,0.6,42.0,2,2,70.0,0.11638477538281085,0,0.0,0,0,2
1763682967.4523375,10.0.1.11,1,74,0.1,7.4,1,1,74.0,0,1,1.0,0,0,0
1763682968.4773686,10.0.2.10,4,420,0.4,42.0,1,1,105.0,0.002189692220159404,2,0.5,0,0,2
1763682968.484995,10.0.2.11,2,148,0.2,14.8,1,1,74.0,0,2,1.0,0,0,2
1763682968.5087612,10.0.1.10,6,428,0.6,42.8,2,2,71.33333333333333,0.1322713925975393,0,0.0,0,0,6
1763682969.5423436,10.0.1.10,3,206,0.3,20.6,1,1,68.66666666666667,0.0007609128952026367,0,0.0,0,0,1
1763682969.5514467,10.0.1.12,1,74,0.1,7.4,1,1,74.0,0,1,1.0,0,0,0
1763682970.5821126,10.0.2.10,6,420,0.6,42.0,1,1,70.0,0.058399903343621974,2,0.5,0,0,4
1763682970.594876,10.0.2.11,4,420,0.4,42.0,1,1,105.0,0.0012911996775622435,2,0.5,0,0,2
1763682970.6263626,10.0.1.10,10,700,1.0,70.0,3,3,70.0,0.02469576805398842,0,0.0,0,0,6
1763682970.6558077,10.0.1.11,3,74,0.3,7.4,1,1,24.666666666666668,0.001584768295288086,1,1.0,0,0,1
1763682971.6778126,10.0.2.10,4,420,0.4,42.0,1,1,105.0,0.0016670223299916453,2,0.5,0,0,2
1763682971.6825209,10.0.2.11,4,420,0.4,42.0,1,1,105.0,0.0009255650194711027,2,0.5,0,0,2
1763682971.7119312,10.0.1.10,9,812,0.9,81.2,2,2,90.22222222222223,0.01861469110831204,0,0.0,0,0,6
1763682972.7520175,10.0.1.10,4,140,0.4,14.0,1,1,35.0,0.275331656196437,0,0.0,0,0,0
1763682972.7634716,10.0.1.11,2,74,0.2,7.4,1,1,37.0,0,1,1.0,0,0,1
1763682972.7867053,10.0.1.12,1,0,0.1,0.0,0,0,0.0,0,0,0,0,0,0
1763682973.809925,10.0.2.10,2,148,0.2,14.8,1,1,74.0,0,2,1.0,0,0,2
1763682973.8178663,10.0.1.10,6,420,0.6,42.0,2,2,70.0,0.11653950555551112,0,0.0,0,0,2
1763682973.8451502,10.0.1.12,1,74,0.1,7.4,1,1,74.0,0,1,1.0,0,0,0
1763682974.8709211,10.0.2.10,6,420,0.6,42.0,1,1,70.0,0.1158583031837659,2,0.5,0,0,4
1763682974.8803308,10.0.2.11,4,420,0.4,42.0,1,1,105.0,0.0016342513924979861,2,0.5,0,0,2
1763682974.9086304,10.0.1.10,13,766,1.3,76.6,3,3,58.92307692307692,0.10870246845308375,0,0.0,0,0,7
1763682974.9339685,10.0.1.11,1,74,0.1,7.4,1,1,74.0,0,1,1.0,0,0,0
1763682975.95682,10.0.2.11,4,420,0.4,42.0,1,1,105.0,0.0019351733930080346,2,0.5,0,0,2
1763682975.963621,10.0.1.10,2,148,0.2,14.8,1,1,74.0,0,0,0.0,0,0,2
1763682976.990185,10.0.2.11,2,148,0.2,14.8,1,1,74.0,0,2,1.0,0,0,2
1763682976.9985027,10.0.1.10,11,878,1.1,87.8,3,3,79.81818181818181,0.13380135358825831,0,0.0,0,0,2
1763682977.0269113,10.0.1.11,1,74,0.1,7.4,1,1,74.0,0,1,1.0,0,0,0
1763682977.0511787,10.0.1.12,1,74,0.1,7.4,1,1,74.0,0,1,1.0,0,0,0
1763682978.0751555,10.0.2.10,4,420,0.4,42.0,1,1,105.0,0.0010725091586892299,2,0.5,0,0,2
1763682978.0884483,10.0.1.1,1,42,0.1,4.2,0,0,42.0,0,0,0,0,1,0
1763682978.1161845,10.0.1.10,3,214,0.3,21.4,1,1,71.33333333333333,0.003290534019470215,0,0.0,0,0,3
1763682978.1402266,10.0.1.11,1,42,0.1,4.2,0,0,42.0,0,0,0,1,0,0
1763682979.1779008,10.0.2.10,4,420,0.4,42.0,1,1,105.0,0.0019693287110820515,2,0.5,0,0,2
1763682979.182647,10.0.2.11,2,148,0.2,14.8,1,1,74.0,0,2,1.0,0,0,2
1763682979.208163,10.0.1.10,7,502,0.7,50.2,3,3,71.71428571428571,0.25666726651469135,0,0.0,0,0,4
1763682979.2301748,10.0.1.11,1,74,0.1,7.4,1,1,74.0,0,1,1.0,0,0,0
1763682981.2546897,10.0.2.10,4,420,0.4,42.0,1,1,105.0,0.002474327870564534,2,0.5,0,0,2
1763682981.2701044,10.0.2.11,4,420,0.4,42.0,1,1,105.0,0.0012875936335163074,2,0.5,0,0,2
1763682981.2960777,10.0.1.10,7,502,0.7,50.2,3,3,71.71428571428571,0.15377027403040958,0,0.0,0,0,4
1763682981.32282,10.0.1.12,1,74,0.1,7.4,1,1,74.0,0,1,1.0,0,0,0
1763682982.3503265,10.0.2.10,4,148,0.4,14.8,1,1,37.0,0.1685279342728497,2,1.0,0,0,4
1763682982.3643694,10.0.1.10,4,288,0.4,28.8,2,2,72.0,0.1535742103401625,0,0.0,0,0,2
1763682982.3919916,10.0.1.11,3,74,0.3,7.4,1,1,24.666666666666668,0.007391095161437988,1,1.0,0,0,1
1763682983.41502,10.0.2.11,2,148,0.2,14.8,1,1,74.0,0,2,1.0,0,0,2
1763682983.430111,10.0.1.10,9,626,0.9,62.6,3,3,69.55555555555556,0.12264714908024056,0,0.0,0,0,4
1763682983.460175,10.0.1.11,1,74,0.1,7.4,1,1,74.0,0,1,1.0,0,0,1
1763682983.4815333,10.0.1.12,1,74,0.1,7.4,1,1,74.0,0,1,1.0,0,0,0
1763682984.5062997,10.0.2.10,4,420,0.4,42.0,1,1,105.0,0.0018027261967106635,2,0.5,0,0,2
1763682984.5125225,10.0.1.10,2,148,0.2,14.8,1,1,74.0,0,0,0.0,0,0,1
1763682985.541116,10.0.2.11,4,420,0.4,42.0,1,1,105.0,0.002473756515362707,2,0.5,0,0,2
1763682985.5623949,10.0.1.10,2,148,0.2,14.8,1,1,74.0,0,0,0.0,0,0,2
1763682986.6037977,10.0.2.10,2,148,0.2,14.8,1,1,74.0,0,2,1.0,0,0,2
1763682986.6098068,10.0.2.11,2,148,0.2,14.8,1,1,74.0,0,2,1.0,0,0,2
1763682986.6399984,10.0.1.10,8,568,0.8,56.8,3,3,71.0,0.13469523546375503,0,0.0,0,0,4
1763682986.6615298,10.0.1.11,1,74,0.1,7.4,1,1,74.0,0,1,1.0,0,0,0
1763682987.6887486,10.0.1.10,2,140,0.2,14.0,1,1,70.0,0,0,0.0,0,0,1
1763682987.6929817,10.0.1.12,1,74,0.1,7.4,1,1,74.0,0,1,1.0,0,0,0
1763682988.726394,10.0.2.10,2,148,0.2,14.8,1,1,74.0,0,2,1.0,0,0,2
1763682988.7347436,10.0.2.11,4,420,0.4,42.0,1,1,105.0,0.0017259633717744425,2,0.5,0,0,2
1763682988.7656775,10.0.1.10,5,362,0.5,36.2,2,2,72.4,0.24003540622968053,0,0.0,0,0,3
1763682989.7902865,10.0.2.10,2,148,0.2,14.8,1,1,74.0,0,2,1.0,0,0,2
1763682989.8013358,10.0.1.10,5,354,0.5,35.4,2,2,70.8,0.20787719766242743,0,0.0,0,0,2
1763682989.8270507,10.0.1.11,1,74,0.1,7.4,1,1,74.0,0,1,1.0,0,0,0
1763682990.8558493,10.0.2.11,2,148,0.2,14.8,1,1,74.0,0,2,1.0,0,0,2
1763682990.8662226,10.0.1.10,6,420,0.6,42.0,2,2,70.0,0.19127664843361616,0,0.0,0,0,3
1763682990.8931866,10.0.1.12,1,74,0.1,7.4,1,1,74.0,0,1,1.0,0,0,0
1763682992.918955,10.0.2.10,4,420,0.4,42.0,1,1,105.0,0.0011337689803966355,2,0.5,0,0,2
1763682992.9246569,10.0.2.11,2,148,0.2,14.8,1,1,74.0,0,2,1.0,0,0,2
1763682992.9495454,10.0.1.10,9,634,0.9,63.4,3,3,70.44444444444444,0.10620029872922884,0,0.0,0,0,5
1763682992.9729774,10.0.1.11,1,74,0.1,7.4,1,1,74.0,0,1,1.0,0,0,0
1763682995.0039015,10.0.2.10,4,420,0.4,42.0,1,1,105.0,0.0011636754748655536,2,0.5,0,0,2
1763682995.0125425,10.0.1.1,1,42,0.1,4.2,0,0,42.0,0,0,0,1,0,0
1763682995.0455458,10.0.1.10,9,618,0.9,61.8,2,2,68.66666666666667,0.026735138686527615,0,0.0,0,0,4
1763682995.0661447,10.0.1.11,1,42,0.1,4.2,0,0,42.0,0,0,0,0,1,0
1763682995.0923233,10.0.1.12,1,74,0.1,7.4,1,1,74.0,0,1,1.0,0,0,0
1763682996.1160378,10.0.2.11,2,148,0.2,14.8,1,1,74.0,0,2,1.0,0,0,2
1763682996.1270256,10.0.1.10,5,354,0.5,35.4,2,2,70.8,0.04174429077246197,0,0.0,0,0,2
1763682996.1584215,10.0.1.11,1,74,0.1,7.4,1,1,74.0,0,1,1.0,0,0,0
1763682998.1843355,10.0.2.10,2,148,0.2,14.8,1,1,74.0,0,2,1.0,0,0,2
1763682998.1947155,10.0.2.11,4,420,0.4,42.0,1,1,105.0,0.0013038517811184717,2,0.5,0,0,2
1763682998.227562,10.0.1.10,12,832,1.2,83.2,3,3,69.33333333333333,0.0875186449432531,0,0.0,0,0,6
1763682998.251869,10.0.1.11,1,74,0.1,7.4,1,1,74.0,0,1,1.0,0,0,0
1763682999.280593,10.0.2.10,2,148,0.2,14.8,1,1,74.0,0,2,1.0,0,0,2
1763682999.2909849,10.0.1.10,8,746,0.8,74.6,3,3,93.25,0.23586146049096726,0,0.0,0,0,3
1763682999.313191,10.0.1.11,1,74,0.1,7.4,1,1,74.0,0,1,1.0,0,0,0
1763682999.338528,10.0.1.12,1,74,0.1,7.4,1,1,74.0,0,1,1.0,0,0,0
1763683001.3691115,10.0.2.10,2,148,0.2,14.8,1,1,74.0,0,2,1.0,0,0,2
1763683001.3791103,10.0.2.11,4,420,0.4,42.0,1,1,105.0,0.0031163284588841293,2,0.5,0,0,2
1763683001.4050295,10.0.1.10,7,502,0.7,50.2,3,3,71.71428571428571,0.1934629908426694,0,0.0,0,0,4
1763683001.428568,10.0.1.11,1,74,0.1,7.4,1,1,74.0,0,1,1.0,0,0,0
1763683002.4504924,10.0.2.10,4,420,0.4,42.0,1,1,105.0,0.0022769688383691904,2,0.5,0,0,2
1763683002.4574041,10.0.2.11,4,420,0.4,42.0,1,1,105.0,0.0011416506468969443,2,0.5,0,0,2
1763683002.4808724,10.0.1.10,8,568,0.8,56.8,3,3,71.0,0.0639653006608599,0,0.0,0,0,5
1763683002.5030334,10.0.1.11,1,74,0.1,7.4,1,1,74.0,0,1,1.0,0,0,0
1763683003.5397348,10.0.1.10,2,140,0.2,14.0,1,1,70.0,0,0,0.0,0,0,1
1763683003.5497928,10.0.1.12,1,74,0.1,7.4,1,1,74.0,0,1,1.0,0,0,0
1763683004.6144397,10.0.2.10,4,420,0.4,42.0,1,1,105.0,0.0019471038895300132,2,0.5,0,0,2
1763683004.6242173,10.0.2.11,4,420,0.4,42.0,1,1,105.0,0.0020958845790567983,2,0.5,0,0,2
1763683004.6857963,10.0.1.10,6,436,0.6,43.6,3,3,72.66666666666667,0.2300215460883085,0,0.0,0,0,4
1763683004.7468355,10.0.1.11,3,346,0.3,34.6,1,1,115.33333333333333,0.0014775991439819336,1,0.3333333333333333,0,0,0
1763683005.8103642,10.0.1.10,2,0,0.2,0.0,0,0,0.0,0,0,0,0,0,0
1763683005.8205109,10.0.1.11,1,0,0.1,0.0,0,0,0.0,0,0,0,0,0,0
1763683005.849718,10.0.1.12,1,0,0.1,0.0,0,0,0.0,0,0,0,0,0,0
1763683006.8703365,10.0.2.10,6,420,0.6,42.0,1,1,70.0,0.2355939445874597,2,0.5,0,0,4
1763683006.8812342,10.0.2.11,2,148,0.2,14.8,1,1,74.0,0,2,1.0,0,0,2
1763683006.9223976,10.0.1.10,9,502,0.9,50.2,3,3,55.77777777777778,0.1280561506384381,0,0.0,0,0,5
1763683006.9542432,10.0.1.11,1,74,0.1,7.4,1,1,74.0,0,1,1.0,0,0,0
1763683007.9777696,10.0.1.10,4,280,0.4,28.0,2,2,70.0,0.06920733546325665,0,0.0,0,0,1
1763683007.9862485,10.0.1.11,1,74,0.1,7.4,1,1,74.0,0,1,1.0,0,0,0
1763683008.0118623,10.0.1.12,1,74,0.1,7.4,1,1,74.0,0,1,1.0,0,0,0
1763683009.0336814,10.0.2.10,2,148,0.2,14.8,1,1,74.0,0,2,1.0,0,0,2
1763683009.0433943,10.0.2.11,2,148,0.2,14.8,1,1,74.0,0,2,1.0,0,0,2
1763683009.0710912,10.0.1.10,6,428,0.6,42.8,2,2,71.33333333333333,0.06025005427481823,0,0.0,0,0,3
1763683010.0938606,10.0.2.11,2,148,0.2,14.8,1,1,74.0,0,2,1.0,0,0,2
1763683010.1037805,10.0.1.10,6,420,0.6,42.0,2,2,70.0,0.12100910124886154,0,0.0,0,0,3
1763683010.1281633,10.0.1.12,1,74,0.1,7.4,1,1,74.0,0,1,1.0,0,0,0
1763683011.1496503,10.0.2.10,4,420,0.4,42.0,1,1,105.0,0.002501271399151795,2,0.5,0,0,2
1763683011.1557145,10.0.1.10,4,288,0.4,28.8,2,2,72.0,0.06843569313749939,0,0.0,0,0,1
1763683011.180843,10.0.1.11,1,74,0.1,7.4,1,1,74.0,0,1,1.0,0,0,0
1763683012.203956,10.0.2.10,2,148,0.2,14.8,1,1,74.0,0,2,1.0,0,0,2
1763683012.2133164,10.0.2.11,2,148,0.2,14.8,1,1,74.0,0,2,1.0,0,0,2
1763683012.2387307,10.0.1.10,8,568,0.8,56.8,3,3,71.0,0.14858157631935756,0,0.0,0,0,4
1763683012.2733364,10.0.1.11,1,74,0.1,7.4,1,1,74.0,0,1,1.0,0,0,0
1763683013.2826862,10.0.2.10,2,148,0.2,14.8,1,1,74.0,0,2,1.0,0,0,2
1763683013.291978,10.0.2.11,4,420,0.4,42.0,1,1,105.0,0.0008704263716085694,2,0.5,0,0,2
1763683013.3206758,10.0.1.1,1,42,0.1,4.2,0,0,42.0,0,0,0,0,1,0
1763683013.3656294,10.0.1.10,9,634,0.9,63.4,3,3,70.44444444444444,0.06365689665073243,0,0.0,0,0,7
1763683013.3904207,10.0.1.11,1,42,0.1,4.2,0,0,42.0,0,0,0,1,0,0
1763683013.4075482,10.0.1.12,1,74,0.1,7.4,1,1,74.0,0,1,1.0,0,0,0
1763683015.4327772,10.0.2.10,4,148,0.4,14.8,1,1,37.0,0.3279074587430535,2,1.0,0,0,4
1763683015.438755,10.0.2.11,4,420,0.4,42.0,1,1,105.0,0.0014452926967231231,2,0.5,0,0,2
1763683015.470047,10.0.1.10,8,568,0.8,56.8,3,3,71.0,0.2204469756520616,0,0.0,0,0,3
1763683015.4888334,10.0.1.11,3,74,0.3,7.4,1,1,24.666666666666668,0.004439234733581543,1,1.0,0,0,1
1763683016.512712,10.0.1.10,3,206,0.3,20.6,1,1,68.66666666666667,0.0018998384475708008,0,0.0,0,0,1
1763683016.52184,10.0.1.11,1,74,0.1,7.4,1,1,74.0,0,1,1.0,0,0,1
1763683017.549028,10.0.2.10,4,420,0.4,42.0,1,1,105.0,0.001261340928812032,2,0.5,0,0,2
1763683017.5825832,10.0.2.11,2,148,0.2,14.8,1,1,74.0,0,2,1.0,0,0,2
1763683017.6392956,10.0.1.10,9,634,0.9,63.4,3,3,70.44444444444444,0.24488016677177601,0,0.0,0,0,5
1763683017.6884,10.0.1.11,1,74,0.1,7.4,1,1,74.0,0,1,1.0,0,0,0
1763683018.7135954,10.0.1.10,5,346,0.5,34.6,2,2,69.2,0.32018973546181745,0,0.0,0,0,1
1763683018.7231119,10.0.1.11,1,74,0.1,7.4,1,1,74.0,0,1,1.0,0,0,0
1763683018.7464385,10.0.1.12,1,74,0.1,7.4,1,1,74.0,0,1,1.0,0,0,0
1763683019.768574,10.0.2.10,4,420,0.4,42.0,1,1,105.0,0.0032991853866487604,2,0.5,0,0,2
1763683019.7850924,10.0.2.11,2,148,0.2,14.8,1,1,74.0,0,2,1.0,0,0,2
1763683019.809804,10.0.1.10,7,502,0.7,50.2,3,3,71.71428571428571,0.1995061981782158,0,0.0,0,0,4
1763683019.829547,10.0.1.11,1,74,0.1,7.4,1,1,74.0,0,1,1.0,0,0,0
1763683020.85066,10.0.2.10,2,148,0.2,14.8,1,1,74.0,0,2,1.0,0,0,2
1763683020.860546,10.0.1.10,8,560,0.8,56.0,3,3,70.0,0.08512007603069059,0,0.0,0,0,2
1763683020.8885865,10.0.1.11,1,74,0.1,7.4,1,1,74.0,0,1,1.0,0,0,0
1763683020.9254644,10.0.1.12,1,74,0.1,7.4,1,1,74.0,0,1,1.0,0,0,0
1763683021.940969,10.0.2.11,2,148,0.2,14.8,1,1,74.0,0,2,1.0,0,0,2
1763683021.9471443,10.0.1.10,6,606,0.6,60.6,2,2,101.0,0.09449237581132829,0,0.0,0,0,1
1763683021.9731286,10.0.1.11,1,74,0.1,7.4,1,1,74.0,0,1,1.0,0,0,0
1763683023.9973118,10.0.2.10,2,148,0.2,14.8,1,1,74.0,0,2,1.0,0,0,2
1763683024.015052,10.0.2.11,2,148,0.2,14.8,1,1,74.0,0,2,1.0,0,0,2
1763683024.0355082,10.0.1.10,12,840,1.2,84.0,4,4,70.0,0.1292414232067672,0,0.0,0,0,5
1763683024.057269,10.0.1.11,1,74,0.1,7.4,1,1,74.0,0,1,1.0,0,0,0
1763683024.080772,10.0.1.12,1,74,0.1,7.4,1,1,74.0,0,1,1.0,0,0,0
1763683025.1012115,10.0.2.10,4,420,0.4,42.0,1,1,105.0,0.0021781789888431153,2,0.5,0,0,2
1763683025.1148775,10.0.1.10,2,148,0.2,14.8,1,1,74.0,0,0,0.0,0,0,1
1763683026.1423547,10.0.2.11,2,148,0.2,14.8,1,1,74.0,0,2,1.0,0,0,2
1763683026.1513565,10.0.1.10,6,420,0.6,42.0,2,2,70.0,0.06350028223258862,0,0.0,0,0,3
1763683026.1905046,10.0.1.11,1,74,0.1,7.4,1,1,74.0,0,1,1.0,0,0,0
1763683027.2102113,10.0.2.10,2,148,0.2,14.8,1,1,74.0,0,2,1.0,0,0,2
1763683027.216595,10.0.2.11,4,420,0.4,42.0,1,1,105.0,0.0014899475807668972,2,0.5,0,0,2
1763683027.2406278,10.0.1.10,9,634,0.9,63.4,3,3,70.44444444444444,0.12019578980207872,0,0.0,0,0,5
1763683027.2621493,10.0.1.11,1,74,0.1,7.4,1,1,74.0,0,1,1.0,0,0,0
1763683028.2876656,10.0.1.10,2,140,0.2,14.0,1,1,70.0,0,0,0.0,0,0,1
1763683028.2978961,10.0.1.12,1,74,0.1,7.4,1,1,74.0,0,1,1.0,0,0,0
1763683029.3255148,10.0.1.10,3,206,0.3,20.6,1,1,68.66666666666667,0.0012111663818359375,0,0.0,0,0,0
1763683029.3333228,10.0.1.11,1,74,0.1,7.4,1,1,74.0,0,1,1.0,0,0,0
1763683030.3601146,10.0.2.10,2,148,0.2,14.8,1,1,74.0,0,2,1.0,0,0,2
1763683030.4046257,10.0.2.11,2,148,0.2,14.8,1,1,74.0,0,2,1.0,0,0,2
1763683030.4426103,10.0.1.10,6,428,0.6,42.8,2,2,71.33333333333333,0.2538146333387754,0,0.0,0,0,3
1763683031.4848993,10.0.2.10,4,420,0.4,42.0,1,1,105.0,0.0017006178963875685,2,0.5,0,0,2
1763683031.5123596,10.0.2.11,2,148,0.2,14.8,1,1,74.0,0,2,1.0,0,0,2
1763683031.5456846,10.0.1.10,9,642,0.9,64.2,4,4,71.33333333333333,0.15681144025434612,0,0.0,0,0,4
1763683031.5749152,10.0.1.11,1,74,0.1,7.4,1,1,74.0,0,1,1.0,0,0,0
1763683031.6056643,10.0.1.12,1,74,0.1,7.4,1,1,74.0,0,1,1.0,0,0,0
1763683032.6384072,10.0.2.10,4,420,0.4,42.0,1,1,105.0,0.0024405509313293675,2,0.5,0,0,2
1763683032.6565223,10.0.1.10,2,148,0.2,14.8,1,1,74.0,0,0,0.0,0,0,2
1763683033.6825993,10.0.2.11,4,420,0.4,42.0,1,1,105.0,0.001497416660227006,2,0.5,0,0,2
1763683033.7028286,10.0.1.10,10,692,1.0,69.2,3,3,69.2,0.10659661744996005,0,0.0,0,0,5
1763683033.7390268,10.0.1.11,3,346,0.3,34.6,1,1,115.33333333333333,0.001385331153869629,1,0.3333333333333333,0,0,0
1763683033.7605753,10.0.1.12,1,74,0.1,7.4,1,1,74.0,0,1,1.0,0,0,0
1763683034.7827373,10.0.2.10,4,420,0.4,42.0,1,1,105.0,0.0020339297776014154,2,0.5,0,0,2
1763683034.8080468,10.0.2.11,4,420,0.4,42.0,1,1,105.0,0.00216294267340031,2,0.5,0,0,2
1763683034.8439429,10.0.1.10,4,296,0.4,29.6,2,2,74.0,0.09499572858896795,0,0.0,0,0,3
1763683035.875856,10.0.1.10,3,206,0.3,20.6,1,1,68.66666666666667,0.0016349554061889648,0,0.0,0,0,1
1763683035.8982275,10.0.1.11,1,74,0.1,7.4,1,1,74.0,0,1,1.0,0,0,0
1763683036.9327347,10.0.2.10,2,0,0.2,0.0,0,0,0.0,0,0,0,0,0,2
1763683036.9373243,10.0.1.10,5,280,0.5,28.0,2,2,56.0,0.037735617316048214,0,0.0,0,0,0
1763683036.9626176,10.0.1.11,4,74,0.4,7.4,1,1,18.5,0.01284828742613652,1,1.0,0,0,1
1763683036.985665,10.0.1.12,1,74,0.1,7.4,1,1,74.0,0,1,1.0,0,0,0
1763683038.0097814,10.0.2.10,4,420,0.4,42.0,1,1,105.0,0.0015856501604082115,2,0.5,0,0,2
1763683038.0201073,10.0.2.11,4,420,0.4,42.0,1,1,105.0,0.0024615168413639013,2,0.5,0,0,2
1763683038.0481787,10.0.1.10,5,362,0.5,36.2,2,2,72.4,0.1624072457136736,0,0.0,0,0,4
1763683039.072404,10.0.2.10,2,0,0.2,0.0,0,0,0.0,0,0,0,0,0,2
1763683039.0868108,10.0.2.11,2,148,0.2,14.8,1,1,74.0,0,2,1.0,0,0,2
1763683039.1117883,10.0.1.10,7,288,0.7,28.8,2,2,41.142857142857146,0.07141458660199594,0,0.0,0,0,4
1763683039.1337152,10.0.1.11,3,346,0.3,34.6,1,1,115.33333333333333,0.0011063814163208008,1,0.3333333333333333,0,0,1
1763683039.1901753,10.0.1.12,1,0,0.1,0.0,0,0,0.0,0,0,0,0,0,0
1763683040.2439055,10.0.2.10,4,420,0.4,42.0,1,1,105.0,0.0027370051290753717,2,0.5,0,0,2
1763683040.2464082,10.0.1.10,2,148,0.2,14.8,1,1,74.0,0,0,0.0,0,0,1
1763683041.305129,10.0.2.11,4,420,0.4,42.0,1,1,105.0,0.002449899016958697,2,0.5,0,0,2
1763683041.3162158,10.0.1.10,4,288,0.4,28.8,2,2,72.0,0.09647061383832668,0,0.0,0,0,2
1763683041.3456838,10.0.1.12,1,74,0.1,7.4,1,1,74.0,0,1,1.0,0,0,0
1763683042.3715067,10.0.2.10,2,148,0.2,14.8,1,1,74.0,0,2,1.0,0,0,2
1763683042.378808,10.0.1.1,1,42,0.1,4.2,0,0,42.0,0,0,0,1,0,0
1763683042.4092164,10.0.1.10,4,288,0.4,28.8,2,2,72.0,0.020754535772273194,0,0.0,0,0,3
1763683042.4354224,10.0.1.11,2,116,0.2,11.6,1,1,58.0,0,1,1.0,0,1,0
1763683043.4707878,10.0.2.11,2,148,0.2,14.8,1,1,74.0,0,2,1.0,0,0,2
1763683043.4800658,10.0.1.10,2,148,0.2,14.8,1,1,74.0,0,0,0.0,0,0,1
1763683044.52478,10.0.2.10,2,148,0.2,14.8,1,1,74.0,0,2,1.0,0,0,2
1763683044.534304,10.0.2.11,2,148,0.2,14.8,1,1,74.0,0,2,1.0,0,0,2
1763683044.5891972,10.0.1.10,9,634,0.9,63.4,3,3,70.44444444444444,0.008232757131581607,0,0.0,0,0,5
1763683044.6368713,10.0.1.12,1,74,0.1,7.4,1,1,74.0,0,1,1.0,0,0,0
1763683045.673456,10.0.1.10,2,140,0.2,14.0,1,1,70.0,0,0,0.0,0,0,0
1763683045.701508,10.0.1.11,1,74,0.1,7.4,1,1,74.0,0,1,1.0,0,0,0
1763683046.7509837,10.0.2.10,4,420,0.4,42.0,1,1,105.0,0.0012860599651094257,2,0.5,0,0,2
1763683046.7616181,10.0.1.10,6,420,0.6,42.0,2,2,70.0,0.24918622057504838,0,0.0,0,0,4
1763683046.8099616,10.0.1.12,1,74,0.1,7.4,1,1,74.0,0,1,1.0,0,0,0
1763683047.8521554,10.0.2.10,2,0,0.2,0.0,0,0,0.0,0,0,0,0,0,2
1763683047.8628867,10.0.2.11,2,148,0.2,14.8,1,1,74.0,0,2,1.0,0,0,2
1763683047.90977,10.0.1.10,5,354,0.5,35.4,2,2,70.8,0.07174664928979113,0,0.0,0,0,1
1763683047.956036,10.0.1.11,3,74,0.3,7.4,1,1,24.666666666666668,0.0058574676513671875,1,1.0,0,0,1
1763683049.0037906,10.0.2.10,2,148,0.2,14.8,1,1,74.0,0,2,1.0,0,0,2
1763683049.0129364,10.0.2.11,4,420,0.4,42.0,1,1,105.0,0.0026285520600373476,2,0.5,0,0,2
1763683049.0604181,10.0.1.10,5,362,0.5,36.2,2,2,72.4,0.11361306206322286,0,0.0,0,0,4
1763683050.1044426,10.0.1.10,3,206,0.3,20.6,1,1,68.66666666666667,0.0014394521713256836,0,0.0,0,0,1
1763683050.1142817,10.0.1.11,1,74,0.1,7.4,1,1,74.0,0,1,1.0,0,0,1
1763683051.1627886,10.0.2.10,4,420,0.4,42.0,1,1,105.0,0.0021842322379389636,2,0.5,0,0,2
1763683051.1973028,10.0.2.11,2,148,0.2,14.8,1,1,74.0,0,2,1.0,0,0,2
1763683051.2473252,10.0.1.10,7,502,0.7,50.2,3,3,71.71428571428571,0.20897614048734658,0,0.0,0,0,3
1763683051.3461664,10.0.1.11,1,74,0.1,7.4,1,1,74.0,0,1,1.0,0,0,0
1763683052.4447048,10.0.2.11,4,420,0.4,42.0,1,1,105.0,0.0024036150576243797,2,0.5,0,0,2
1763683052.453667,10.0.1.10,7,494,0.7,49.4,3,3,70.57142857142857,0.1828310476238221,0,0.0,0,0,3
1763683052.4877079,10.0.1.11,1,74,0.1,7.4,1,1,74.0,0,1,1.0,0,0,0
1763683052.5086198,10.0.1.12,1,74,0.1,7.4,1,1,74.0,0,1,1.0,0,0,0
1763683053.5292344,10.0.2.10,2,148,0.2,14.8,1,1,74.0,0,2,1.0,0,0,2
1763683053.5476866,10.0.2.11,2,148,0.2,14.8,1,1,74.0,0,2,1.0,0,0,2
1763683053.5690432,10.0.1.10,8,560,0.8,56.0,2,2,70.0,0.1797608271549845,0,0.0,0,0,3
1763683054.5902205,10.0.1.1,1,42,0.1,4.2,0,0,42.0,0,0,0,0,1,0
1763683054.6008112,10.0.1.10,5,346,0.5,34.6,2,2,69.2,0.26877266917564857,0,0.0,0,0,1
1763683054.6291826,10.0.1.11,2,116,0.2,11.6,1,1,58.0,0,1,1.0,1,0,0
1763683054.6494672,10.0.1.12,1,74,0.1,7.4,1,1,74.0,0,1,1.0,0,0,0
1763683055.669951,10.0.2.10,4,420,0.4,42.0,1,1,105.0,0.0022743633103330437,2,0.5,0,0,2
1763683055.6789865,10.0.2.11,4,420,0.4,42.0,1,1,105.0,0.0023614081826294686,2,0.5,0,0,2
1763683055.7056293,10.0.1.10,6,436,0.6,43.6,3,3,72.66666666666667,0.07740478265232731,0,0.0,0,0,3
1763683055.7278967,10.0.1.11,1,74,0.1,7.4,1,1,74.0,0,1,1.0,0,0,0
1763683056.7482393,10.0.1.10,3,206,0.3,20.6,1,1,68.66666666666667,0.0016502141952514648,0,0.0,0,0,1
1763683056.7620227,10.0.1.11,1,74,0.1,7.4,1,1,74.0,0,1,1.0,0,0,0
1763683058.790084,10.0.2.10,4,420,0.4,42.0,1,1,105.0,0.002214349541669663,2,0.5,0,0,2
1763683058.8014982,10.0.2.11,2,148,0.2,14.8,1,1,74.0,0,2,1.0,0,0,2
1763683058.8262854,10.0.1.10,6,436,0.6,43.6,3,3,72.66666666666667,0.1975571460932606,0,0.0,0,0,3
1763683058.8496115,10.0.1.12,3,346,0.3,34.6,1,1,115.33333333333333,0.004049420356750488,1,0.3333333333333333,0,0,0
1763683059.879096,10.0.1.10,2,140,0.2,14.0,1,1,70.0,0,0,0.0,0,0,1
1763683059.8875844,10.0.1.11,1,74,0.1,7.4,1,1,74.0,0,1,1.0,0,0,0
1763683060.9136968,10.0.2.10,2,148,0.2,14.8,1,1,74.0,0,2,1.0,0,0,2
1763683060.9229124,10.0.2.11,4,420,0.4,42.0,1,1,105.0,0.002390174737392234,2,0.5,0,0,2
1763683060.9489052,10.0.1.10,5,362,0.5,36.2,2,2,72.4,0.09591622487462151,0,0.0,0,0,3
1763683061.973859,10.0.1.10,2,140,0.2,14.0,1,1,70.0,0,0,0.0,0,0,1
1763683061.9825163,10.0.1.11,1,74,0.1,7.4,1,1,74.0,0,1,1.0,0,0,0
1763683063.0114605,10.0.2.10,2,148,0.2,14.8,1,1,74.0,0,2,1.0,0,0,2
1763683063.0186484,10.0.2.11,2,148,0.2,14.8,1,1,74.0,0,2,1.0,0,0,2
1763683063.0481687,10.0.1.10,9,634,0.9,63.4,3,3,70.44444444444444,0.05463603730930051,0,0.0,0,0,3
1763683063.0732775,10.0.1.12,1,74,0.1,7.4,1,1,74.0,0,1,1.0,0,0,0
1763683064.098529,10.0.2.10,2,148,0.2,14.8,1,1,74.0,0,2,1.0,0,0,2
1763683064.1089053,10.0.1.10,5,354,0.5,35.4,2,2,70.8,0.058052613542598004,0,0.0,0,0,2
1763683064.137557,10.0.1.11,1,74,0.1,7.4,1,1,74.0,0,1,1.0,0,0,0
1763683065.1641304,10.0.2.10,2,148,0.2,14.8,1,1,74.0,0,2,1.0,0,0,2
1763683065.17348,10.0.2.11,3,354,0.3,35.4,1,1,118.0,0.0024415254592895508,2,0.6666666666666666,0,0,2
1763683065.2008266,10.0.1.10,6,428,0.6,42.8,2,2,71.33333333333333,0.01950288865051864,0,0.0,0,0,4
1763683066.2235534,10.0.1.10,2,140,0.2,14.0,1,1,70.0,0,0,0.0,0,0,1
1763683066.2330382,10.0.1.11,1,74,0.1,7.4,1,1,74.0,0,1,1.0,0,0,0
1763683067.2575145,10.0.2.11,2,148,0.2,14.8,1,1,74.0,0,2,1.0,0,0,2
1763683067.2650232,10.0.1.10,7,428,0.7,42.8,3,3,61.142857142857146,0.19191355748821798,0,0.0,0,0,2
1763683067.2976315,10.0.1.11,4,346,0.4,34.6,1,1,86.5,0.2443392714414169,1,0.3333333333333333,0,0,0
1763683067.3240921,10.0.1.12,1,74,0.1,7.4,1,1,74.0,0,1,1.0,0,0,0
1763683068.3462312,10.0.2.10,2,148,0.2,14.8,1,1,74.0,0,2,1.0,0,0,2
1763683068.3542545,10.0.1.10,3,214,0.3,21.4,1,1,71.33333333333333,0.0007406473159790039,0,0.0,0,0,1
1763683069.3801253,10.0.1.10,2,140,0.2,14.0,1,1,70.0,0,0,0.0,0,0,1
1763683069.4103243,10.0.1.11,1,74,0.1,7.4,1,1,74.0,0,1,1.0,0,0,0
1763683070.435888,10.0.2.10,2,148,0.2,14.8,1,1,74.0,0,2,1.0,0,0,2
1763683070.44462,10.0.2.11,4,420,0.4,42.0,1,1,105.0,0.0009546382919693205,2,0.5,0,0,2
1763683070.4745376,10.0.1.10,7,494,0.7,49.4,2,2,70.57142857142857,0.034792039115480934,0,0.0,0,0,5
1763683071.498352,10.0.2.10,4,148,0.4,14.8,1,1,37.0,0.20299381598582703,2,1.0,0,0,4
1763683071.507061,10.0.2.11,2,148,0.2,14.8,1,1,74.0,0,2,1.0,0,0,2
1763683071.5518098,10.0.1.10,13,774,1.3,77.4,4,4,59.53846153846154,0.1346110749313712,0,0.0,0,0,7
1763683071.5878556,10.0.1.11,1,74,0.1,7.4,1,1,74.0,0,1,1.0,0,0,0
1763683071.612344,10.0.1.12,1,74,0.1,7.4,1,1,74.0,0,1,1.0,0,0,0
1763683072.6368897,10.0.2.10,2,0,0.2,0.0,0,0,0.0,0,0,0,0,0,2
1763683072.6463366,10.0.2.11,4,420,0.4,42.0,1,1,105.0,0.0014781609782494936,2,0.5,0,0,2
1763683072.6715724,10.0.1.10,9,552,0.9,55.2,2,2,61.333333333333336,0.2296901632366871,0,0.0,0,0,3
1763683072.6953456,10.0.1.11,3,74,0.3,7.4,1,1,24.666666666666668,0.008029460906982422,1,1.0,0,0,1
1763683072.713111,10.0.1.12,1,0,0.1,0.0,0,0,0.0,0,0,0,0,0,0
1763683074.7372434,10.0.2.10,4,420,0.4,42.0,1,1,105.0,0.001774259019193303,2,0.5,0,0,2
1763683074.7423644,10.0.1.10,4,288,0.4,28.8,2,2,72.0,0.37246153517658104,0,0.0,0,0,3
1763683074.7648735,10.0.1.12,1,74,0.1,7.4,1,1,74.0,0,1,1.0,0,0,0
1763683075.7846766,10.0.2.11,2,148,0.2,14.8,1,1,74.0,0,2,1.0,0,0,2
1763683075.7944698,10.0.1.10,6,420,0.6,42.0,2,2,70.0,0.22754429490359948,0,0.0,0,0,2
1763683075.8318172,10.0.1.11,1,74,0.1,7.4,1,1,74.0,0,1,1.0,0,0,1
1763683076.8548203,10.0.2.10,4,420,0.4,42.0,1,1,105.0,0.0011658987109410674,2,0.5,0,0,2
1763683076.859668,10.0.2.11,2,148,0.2,14.8,1,1,74.0,0,2,1.0,0,0,2
1763683076.8814445,10.0.1.10,8,568,0.8,56.8,3,3,71.0,0.23077425787989672,0,0.0,0,0,5
1763683076.900558,10.0.1.11,1,74,0.1,7.4,1,1,74.0,0,1,1.0,0,0,0
1763683078.9266708,10.0.2.10,2,148,0.2,14.8,1,1,74.0,0,2,1.0,0,0,2
1763683078.9535732,10.0.1.10,4,288,0.4,28.8,2,2,72.0,0.016329859375742366,0,0.0,0,0,3
1763683078.9817417,10.0.1.12,1,74,0.1,7.4,1,1,74.0,0,1,1.0,0,0,0
1763683080.0060244,10.0.2.11,2,148,0.2,14.8,1,1,74.0,0,2,1.0,0,0,2
1763683080.0382261,10.0.1.10,4,288,0.4,28.8,2,2,72.0,0.12989386746284132,0,0.0,0,0,2
1763683080.0654352,10.0.1.11,1,74,0.1,7.4,1,1,74.0,0,1,1.0,0,0,0
1763683081.0874693,10.0.2.10,2,148,0.2,14.8,1,1,74.0,0,2,1.0,0,0,2
1763683081.099519,10.0.1.10,3,214,0.3,21.4,1,1,71.33333333333333,6.759166717529297e-05,0,0.0,0,0,1
1763683082.1255844,10.0.2.11,2,148,0.2,14.8,1,1,74.0,0,2,1.0,0,0,2
1763683082.1406581,10.0.1.10,5,354,0.5,35.4,2,2,70.8,0.21637290594111075,0,0.0,0,0,3
1763683082.1669817,10.0.1.12,1,74,0.1,7.4,1,1,74.0,0,1,1.0,0,0,0
1763683083.1907244,10.0.2.10,2,0,0.2,0.0,0,0,0.0,0,0,0,0,0,2
1763683083.2038617,10.0.1.10,2,140,0.2,14.0,1,1,70.0,0,0,0.0,0,0,0
1763683083.230176,10.0.1.11,3,74,0.3,7.4,1,1,24.666666666666668,0.006227254867553711,1,1.0,0,0,1
1763683084.2498746,10.0.2.10,2,148,0.2,14.8,1,1,74.0,0,2,1.0,0,0,2
1763683084.262671,10.0.2.11,2,148,0.2,14.8,1,1,74.0,0,2,1.0,0,0,2
1763683084.288875,10.0.1.10,8,568,0.8,56.8,3,3,71.0,0.030399740250537776,0,0.0,0,0,4
1763683084.3287776,10.0.1.11,1,74,0.1,7.4,1,1,74.0,0,1,1.0,0,0,1
1763683085.3400643,10.0.1.10,2,140,0.2,14.0,1,1,70.0,0,0,0.0,0,0,0
1763683085.3507648,10.0.1.11,1,74,0.1,7.4,1,1,74.0,0,1,1.0,0,0,0
1763683086.3831637,10.0.2.10,2,148,0.2,14.8,1,1,74.0,0,2,1.0,0,0,2
1763683086.3942804,10.0.2.11,2,148,0.2,14.8,1,1,74.0,0,2,1.0,0,0,2
1763683086.4232352,10.0.1.10,9,634,0.9,63.4,3,3,70.44444444444444,0.0485158447127375,0,0.0,0,0,3
1763683086.4473884,10.0.1.12,1,74,0.1,7.4,1,1,74.0,0,1,1.0,0,0,0
1763683087.4714928,10.0.1.10,3,206,0.3,20.6,1,1,68.66666666666667,0.0016151666641235352,0,0.0,0,0,1
1763683087.479676,10.0.1.11,1,74,0.1,7.4,1,1,74.0,0,1,1.0,0,0,0
1763683088.5039887,10.0.2.11,2,148,0.2,14.8,1,1,74.0,0,2,1.0,0,0,2
1763683088.513604,10.0.1.1,1,42,0.1,4.2,0,0,42.0,0,0,0,1,0,0
1763683088.5404425,10.0.1.10,4,288,0.4,28.8,2,2,72.0,0.3617262835684636,0,0.0,0,0,1
1763683088.5601125,10.0.1.11,2,116,0.2,11.6,1,1,58.0,0,1,1.0,0,1,0
1763683089.5815973,10.0.2.10,2,148,0.2,14.8,1,1,74.0,0,2,1.0,0,0,2
1763683089.5934858,10.0.1.10,5,346,0.5,34.6,2,2,69.2,0.021047527575534197,0,0.0,0,0,2
1763683090.617095,10.0.2.11,2,148,0.2,14.8,1,1,74.0,0,2,1.0,0,0,2
1763683090.6262896,10.0.1.10,4,280,0.4,28.0,1,1,70.0,0.0007470944317150635,0,0.0,0,0,2
1763683091.6527631,10.0.2.10,2,148,0.2,14.8,1,1,74.0,0,2,1.0,0,0,2
1763683091.6611338,10.0.1.10,7,494,0.7,49.4,3,3,70.57142857142857,0.07861773012597827,0,0.0,0,0,2
1763683091.688273,10.0.1.11,1,74,0.1,7.4,1,1,74.0,0,1,1.0,0,0,0
1763683091.7083,10.0.1.12,1,74,0.1,7.4,1,1,74.0,0,1,1.0,0,0,0
1763683092.7267485,10.0.2.11,2,148,0.2,14.8,1,1,74.0,0,2,1.0,0,0,2
1763683092.737703,10.0.1.10,4,280,0.4,28.0,1,1,70.0,0.0015850074430854978,0,0.0,0,0,2
1763683093.7673798,10.0.1.10,3,206,0.3,20.6,1,1,68.66666666666667,0.0018928050994873047,0,0.0,0,0,1
1763683093.7732868,10.0.1.11,1,74,0.1,7.4,1,1,74.0,0,1,1.0,0,0,0
1763683094.7997618,10.0.2.10,2,148,0.2,14.8,1,1,74.0,0,2,1.0,0,0,2
1763683094.8113227,10.0.2.11,2,148,0.2,14.8,1,1,74.0,0,2,1.0,0,0,2
1763683094.8343894,10.0.1.10,5,362,0.5,36.2,2,2,72.4,0.06299822193911342,0,0.0,0,0,3
1763683095.8588128,10.0.2.10,6,420,0.6,42.0,1,1,70.0,0.06610149435476033,2,0.5,0,0,4
1763683095.872068,10.0.1.10,8,560,0.8,56.0,3,3,70.0,0.20637586945198563,0,0.0,0,0,5
1763683095.8969686,10.0.1.11,3,74,0.3,7.4,1,1,24.666666666666668,0.011236310005187988,1,1.0,0,0,1
1763683095.9174397,10.0.1.12,1,74,0.1,7.4,1,1,74.0,0,1,1.0,0,0,0
1763683096.9425488,10.0.2.10,2,148,0.2,14.8,1,1,74.0,0,2,1.0,0,0,2
1763683096.9553695,10.0.2.11,2,148,0.2,14.8,1,1,74.0,0,2,1.0,0,0,2
1763683096.9817588,10.0.1.10,6,428,0.6,42.8,2,2,71.33333333333333,0.1436323025245022,0,0.0,0,0,3
1763683098.01006,10.0.1.10,2,140,0.2,14.0,1,1,70.0,0,0,0.0,0,0,1
1763683098.0201159,10.0.1.11,1,74,0.1,7.4,1,1,74.0,0,1,1.0,0,0,1
1763683099.048457,10.0.2.10,2,148,0.2,14.8,1,1,74.0,0,2,1.0,0,0,2
1763683099.0552459,10.0.2.11,2,148,0.2,14.8,1,1,74.0,0,2,1.0,0,0,2
1763683099.0833526,10.0.1.10,6,362,0.6,36.2,2,2,60.333333333333336,0.23822915069413303,0,0.0,0,0,4
1763683099.1124601,10.0.1.11,1,0,0.1,0.0,0,0,0.0,0,0,0,0,0,0
1763683100.142467,10.0.2.11,4,420,0.4,42.0,1,1,105.0,0.001241894913388399,2,0.5,0,0,2
1763683100.15197,10.0.1.1,1,42,0.1,4.2,0,0,42.0,0,0,0,0,1,0
1763683100.173302,10.0.1.10,4,280,0.4,28.0,1,1,70.0,0.00048059785872202635,0,0.0,0,0,3
1763683100.192414,10.0.1.11,1,42,0.1,4.2,0,0,42.0,0,0,0,1,0,0
1763683101.2096748,10.0.2.10,2,148,0.2,14.8,1,1,74.0,0,2,1.0,0,0,2
1763683101.2313395,10.0.1.10,7,494,0.7,49.4,3,3,70.57142857142857,0.24674005690118828,0,0.0,0,0,2
1763683101.2658358,10.0.1.11,1,74,0.1,7.4,1,1,74.0,0,1,1.0,0,0,0
1763683101.2947893,10.0.1.12,1,74,0.1,7.4,1,1,74.0,0,1,1.0,0,0,0
1763683102.3290913,10.0.2.11,2,148,0.2,14.8,1,1,74.0,0,2,1.0,0,0,2
1763683102.3489292,10.0.1.10,4,214,0.4,21.4,1,1,53.5,0.012025525507894447,0,0.0,0,0,3
1763683102.3807042,10.0.1.12,1,0,0.1,0.0,0,0,0.0,0,0,0,0,0,0
1763683103.4087994,10.0.2.10,6,420,0.6,42.0,1,1,70.0,0.02794619786053103,2,0.5,0,0,4
1763683103.4176528,10.0.1.10,9,494,0.9,49.4,3,3,54.888888888888886,0.03791204057781381,0,0.0,0,0,4
1763683103.451092,10.0.1.11,1,74,0.1,7.4,1,1,74.0,0,1,1.0,0,0,0
1763683103.4755924,10.0.1.12,3,346,0.3,34.6,1,1,115.33333333333333,0.0007073879241943359,1,0.3333333333333333,0,0,0
1763683104.5033197,10.0.2.10,4,420,0.4,42.0,1,1,105.0,0.0010922819514546404,2,0.5,0,0,2
1763683104.5127487,10.0.2.11,4,420,0.4,42.0,1,1,105.0,0.001042228013674391,2,0.5,0,0,2
1763683104.5434115,10.0.1.10,10,700,1.0,70.0,3,3,70.0,0.08173415773744827,0,0.0,0,0,7
1763683104.5677986,10.0.1.11,3,346,0.3,34.6,1,1,115.33333333333333,0.0008060932159423828,1,0.3333333333333333,0,0,0
1763683106.5904832,10.0.2.10,4,420,0.4,42.0,1,1,105.0,0.0020843949534485183,2,0.5,0,0,2
1763683106.6160727,10.0.1.10,6,428,0.6,42.8,3,3,71.33333333333333,0.104161621862572,0,0.0,0,0,2
1763683106.6329896,10.0.1.11,1,74,0.1,7.4,1,1,74.0,0,1,1.0,0,0,0
1763683106.653196,10.0.1.12,1,74,0.1,7.4,1,1,74.0,0,1,1.0,0,0,0
1763683107.6785767,10.0.2.11,2,148,0.2,14.8,1,1,74.0,0,2,1.0,0,0,2
1763683107.6871855,10.0.1.10,3,214,0.3,21.4,1,1,71.33333333333333,0.0002969503402709961,0,0.0,0,0,2
1763683109.7189796,10.0.2.10,2,148,0.2,14.8,1,1,74.0,0,2,1.0,0,0,2
1763683109.7279143,10.0.2.11,2,148,0.2,14.8,1,1,74.0,0,2,1.0,0,0,2
1763683109.7644422,10.0.1.10,7,502,0.7,50.2,3,3,71.71428571428571,0.08970063908385145,0,0.0,0,0,5
1763683109.7806668,10.0.1.11,1,74,0.1,7.4,1,1,74.0,0,1,1.0,0,0,0
1763683110.8122423,10.0.2.10,4,420,0.4,42.0,1,1,105.0,0.0027146508771015675,2,0.5,0,0,2
1763683110.8327127,10.0.1.10,4,288,0.4,28.8,2,2,72.0,0.3293536265067753,0,0.0,0,0,2
1763683110.8615923,10.0.1.12,1,74,0.1,7.4,1,1,74.0,0,1,1.0,0,0,0
1763683111.886548,10.0.2.10,2,148,0.2,14.8,1,1,74.0,0,2,1.0,0,0,2
1763683111.9326468,10.0.2.11,2,148,0.2,14.8,1,1,74.0,0,2,1.0,0,0,2
1763683111.9580839,10.0.1.10,9,820,0.9,82.0,3,3,91.11111111111111,0.059624652670349255,0,0.0,0,0,3
1763683111.9804702,10.0.1.11,1,74,0.1,7.4,1,1,74.0,0,1,1.0,0,0,0
1763683113.0026438,10.0.1.10,5,346,0.5,34.6,2,2,69.2,0.22395975457531458,0,0.0,0,0,1
1763683113.012591,10.0.1.11,1,74,0.1,7.4,1,1,74.0,0,1,1.0,0,0,0
1763683113.0382185,10.0.1.12,1,74,0.1,7.4,1,1,74.0,0,1,1.0,0,0,0
1763683114.0613308,10.0.2.10,2,148,0.2,14.8,1,1,74.0,0,2,1.0,0,0,2
1763683114.0714164,10.0.2.11,2,148,0.2,14.8,1,1,74.0,0,2,1.0,0,0,2
1763683114.0988214,10.0.1.10,6,428,0.6,42.8,2,2,71.33333333333333,0.26368141791499655,0,0.0,0,0,3
1763683115.1182888,10.0.2.10,2,148,0.2,14.8,1,1,74.0,0,2,1.0,0,0,2
1763683115.1268961,10.0.2.11,2,148,0.2,14.8,1,1,74.0,0,2,1.0,0,0,2
1763683115.151066,10.0.1.10,9,634,0.9,63.4,3,3,70.44444444444444,0.213076147232888,0,0.0,0,0,5
1763683115.169945,10.0.1.11,1,74,0.1,7.4,1,1,74.0,0,1,1.0,0,0,0
1763683116.187928,10.0.2.11,4,420,0.4,42.0,1,1,105.0,0.0015694234696376486,2,0.5,0,0,2
1763683116.1969185,10.0.1.10,4,280,0.4,28.0,1,1,70.0,0.0005124062287931996,0,0.0,0,0,3
1763683117.2287827,10.0.2.10,2,148,0.2,14.8,1,1,74.0,0,2,1.0,0,0,2
1763683117.2468963,10.0.1.10,5,354,0.5,35.4,2,2,70.8,0.13526875887175074,0,0.0,0,0,2
1763683117.2690167,10.0.1.12,1,74,0.1,7.4,1,1,74.0,0,1,1.0,0,0,0
1763683118.290431,10.0.1.10,2,140,0.2,14.0,1,1,70.0,0,0,0.0,0,0,1
1763683118.299878,10.0.1.11,1,74,0.1,7.4,1,1,74.0,0,1,1.0,0,0,0
1763683119.3217766,10.0.2.10,2,148,0.2,14.8,1,1,74.0,0,2,1.0,0,0,2
1763683119.3290548,10.0.2.11,2,148,0.2,14.8,1,1,74.0,0,2,1.0,0,0,2
1763683119.3537817,10.0.1.10,6,428,0.6,42.8,2,2,71.33333333333333,0.130474300395837,0,0.0,0,0,3
1763683120.4034173,10.0.2.10,2,0,0.2,0.0,0,0,0.0,0,0,0,0,0,2
1763683120.4173117,10.0.2.11,2,148,0.2,14.8,1,1,74.0,0,2,1.0,0,0,2
1763683120.4423628,10.0.1.10,8,560,0.8,56.0,3,3,70.0,0.10764658624010964,0,0.0,0,0,3
1763683120.4677846,10.0.1.11,3,74,0.3,7.4,1,1,24.666666666666668,0.004409670829772949,1,1.0,0,0,1
1763683120.4864147,10.0.1.12,1,74,0.1,7.4,1,1,74.0,0,1,1.0,0,0,0
1763683121.5047033,10.0.2.10,4,420,0.4,42.0,1,1,105.0,0.0018368804901400019,2,0.5,0,0,2
1763683121.5198672,10.0.1.10,3,214,0.3,21.4,1,1,71.33333333333333,0.0007944107055664062,0,0.0,0,0,2
1763683122.559623,10.0.2.11,4,420,0.4,42.0,1,1,105.0,0.0012837306254375618,2,0.5,0,0,2
1763683122.5700486,10.0.1.10,6,412,0.6,41.2,1,1,68.66666666666667,0.00047433533959463506,0,0.0,0,0,3
1763683123.599519,10.0.2.11,2,148,0.2,14.8,1,1,74.0,0,2,1.0,0,0,2
1763683123.641634,10.0.1.10,7,494,0.7,49.4,3,3,70.57142857142857,0.052591031603028145,0,0.0,0,0,3
1763683123.670505,10.0.1.11,1,74,0.1,7.4,1,1,74.0,0,1,1.0,0,0,1
1763683123.6990857,10.0.1.12,1,74,0.1,7.4,1,1,74.0,0,1,1.0,0,0,0
1763683124.7212238,10.0.2.10,2,148,0.2,14.8,1,1,74.0,0,2,1.0,0,0,2
1763683124.7304575,10.0.1.10,3,214,0.3,21.4,1,1,71.33333333333333,0.00026726722717285156,0,0.0,0,0,1
1763683125.7604706,10.0.1.10,2,140,0.2,14.0,1,1,70.0,0,0,0.0,0,0,1
1763683125.785897,10.0.1.11,1,74,0.1,7.4,1,1,74.0,0,1,1.0,0,0,0
1763683126.8173704,10.0.2.10,2,148,0.2,14.8,1,1,74.0,0,2,1.0,0,0,2
1763683126.832167,10.0.2.11,4,420,0.4,42.0,1,1,105.0,0.0017581087797634988,2,0.5,0,0,2
1763683126.8776019,10.0.1.10,9,634,0.9,63.4,3,3,70.44444444444444,0.17214925946150655,0,0.0,0,0,6
1763683126.9049625,10.0.1.12,1,74,0.1,7.4,1,1,74.0,0,1,1.0,0,0,0
1763683127.932304,10.0.2.11,4,420,0.4,42.0,1,1,105.0,0.0013188484886627817,2,0.5,0,0,2
1763683127.952642,10.0.1.10,4,288,0.4,28.8,2,2,72.0,0.13017080305714696,0,0.0,0,0,2
1763683127.9997249,10.0.1.11,1,74,0.1,7.4,1,1,74.0,0,1,1.0,0,0,0
1763683130.0306447,10.0.2.10,4,420,0.4,42.0,1,1,105.0,0.0015954953420593155,2,0.5,0,0,2
1763683130.0574822,10.0.2.11,2,148,0.2,14.8,1,1,74.0,0,2,1.0,0,0,2
1763683130.08866,10.0.1.10,10,700,1.0,70.0,3,3,70.0,0.20250813518016875,0,0.0,0,0,5
1763683130.1127946,10.0.1.12,1,74,0.1,7.4,1,1,74.0,0,1,1.0,0,0,0
1763683131.1440775,10.0.1.10,1,0,0.1,0.0,0,0,0.0,0,0,0,0,0,1
1763683131.1530018,10.0.1.11,1,0,0.1,0.0,0,0,0.0,0,0,0,0,0,0
1763683133.180464,10.0.1.10,3,206,0.3,20.6,1,1,68.66666666666667,0.001129150390625,0,0.0,0,0,0
1763683133.1878881,10.0.1.11,1,74,0.1,7.4,1,1,74.0,0,1,1.0,0,0,0
1763683134.2160082,10.0.2.10,3,214,0.3,21.4,1,1,71.33333333333333,0.0027352571487426758,2,0.6666666666666666,0,0,2
1763683134.2273548,10.0.2.11,2,148,0.2,14.8,1,1,74.0,0,2,1.0,0,0,2
1763683134.2498071,10.0.1.10,5,362,0.5,36.2,2,2,72.4,0.1307000454295638,0,0.0,0,0,3
1763683135.2765727,10.0.2.10,2,0,0.2,0.0,0,0,0.0,0,0,0,0,0,2
1763683135.2833135,10.0.1.1,1,42,0.1,4.2,0,0,42.0,0,0,0,1,0,0
1763683135.311285,10.0.1.10,3,0,0.3,0.0,0,0,0.0,0.025186657905578613,0,0,0,0,2
1763683135.3362331,10.0.1.11,1,42,0.1,4.2,0,0,42.0,0,0,0,0,1,0
1763683135.361983,10.0.1.12,1,0,0.1,0.0,0,0,0.0,0,0,0,0,0,0
1763683136.3829174,10.0.1.10,2,140,0.2,14.0,1,1,70.0,0,0,0.0,0,0,1
1763683136.3878868,10.0.1.12,1,74,0.1,7.4,1,1,74.0,0,1,1.0,0,0,0
1763683137.413959,10.0.2.11,2,148,0.2,14.8,1,1,74.0,0,2,1.0,0,0,2
1763683137.4239786,10.0.1.10,6,420,0.6,42.0,2,2,70.0,0.0889840038248687,0,0.0,0,0,2
1763683137.450902,10.0.1.11,1,74,0.1,7.4,1,1,74.0,0,1,1.0,0,0,0
1763683138.4719954,10.0.2.10,2,148,0.2,14.8,1,1,74.0,0,2,1.0,0,0,2
1763683138.4757411,10.0.1.10,4,280,0.4,28.0,1,1,70.0,0.0012811173821918563,0,0.0,0,0,1
1763683140.5079448,10.0.1.10,2,140,0.2,14.0,1,1,70.0,0,0,0.0,0,0,1
1763683140.5267274,10.0.1.11,1,74,0.1,7.4,1,1,74.0,0,1,1.0,0,0,0
1763683141.5526226,10.0.2.11,2,148,0.2,14.8,1,1,74.0,0,2,1.0,0,0,2
1763683141.5669723,10.0.1.10,3,214,0.3,21.4,1,1,71.33333333333333,0.0017238855361938477,0,0.0,0,0,1
1763683142.5940816,10.0.2.10,3,214,0.3,21.4,1,1,71.33333333333333,0.002111673355102539,2,0.6666666666666666,0,0,2
1763683142.619263,10.0.1.10,4,288,0.4,28.8,2,2,72.0,0.2569605299399561,0,0.0,0,0,3
1763683142.6306534,10.0.1.12,1,74,0.1,7.4,1,1,74.0,0,1,1.0,0,0,0
1763683144.6603723,10.0.1.1,1,42,0.1,4.2,0,0,42.0,0,0,0,0,1,0
1763683144.6727598,10.0.1.11,1,42,0.1,4.2,0,0,42.0,0,0,0,1,0,0
1763683145.7005367,10.0.1.10,2,140,0.2,14.0,1,1,70.0,0,0,0.0,0,0,0
1763683145.709895,10.0.1.11,1,74,0.1,7.4,1,1,74.0,0,1,1.0,0,0,0
1763683146.7371283,10.0.2.10,4,420,0.4,42.0,1,1,105.0,0.0019570796218158814,2,0.5,0,0,2
1763683146.7457705,10.0.2.11,2,148,0.2,14.8,1,1,74.0,0,2,1.0,0,0,2
1763683146.7695012,10.0.1.10,8,568,0.8,56.8,3,3,71.0,0.21244171909742904,0,0.0,0,0,3
1763683146.792168,10.0.1.12,1,74,0.1,7.4,1,1,74.0,0,1,1.0,0,0,0
1763683149.8207057,10.0.1.10,2,140,0.2,14.0,1,1,70.0,0,0,0.0,0,0,1
1763683149.8297927,10.0.1.11,1,74,0.1,7.4,1,1,74.0,0,1,1.0,0,0,0
1763683150.856834,10.0.2.11,3,214,0.3,21.4,1,1,71.33333333333333,0.0019960403442382812,2,0.6666666666666666,0,0,2
1763683150.863065,10.0.1.10,2,148,0.2,14.8,1,1,74.0,0,0,0.0,0,0,1
1763683151.9056203,10.0.2.10,4,148,0.4,14.8,1,1,37.0,0.13724680763467967,2,1.0,0,0,4
1763683151.9151504,10.0.1.10,4,280,0.4,28.0,1,1,70.0,0.0011086896377478703,0,0.0,0,0,2
1763683151.9435673,10.0.1.11,2,0,0.2,0.0,0,0,0.0,0,0,0,0,0,1
1763683152.9666114,10.0.1.10,2,140,0.2,14.0,1,1,70.0,0,0,0.0,0,0,1
1763683152.9753418,10.0.1.12,1,74,0.1,7.4,1,1,74.0,0,1,1.0,0,0,0
1763683154.0014067,10.0.2.11,4,420,0.4,42.0,1,1,105.0,0.0029782510148331502,2,0.5,0,0,2
1763683154.0315475,10.0.1.10,2,148,0.2,14.8,1,1,74.0,0,0,0.0,0,0,1
1763683155.061242,10.0.2.10,3,214,0.3,21.4,1,1,71.33333333333333,0.002352476119995117,2,0.6666666666666666,0,0,2
1763683155.0702133,10.0.1.10,4,288,0.4,28.8,2,2,72.0,0.15314688995001413,0,0.0,0,0,2
1763683155.0981174,10.0.1.11,1,74,0.1,7.4,1,1,74.0,0,1,1.0,0,0,1
1763683157.1175997,10.0.2.11,3,354,0.3,35.4,1,1,118.0,0.0026955604553222656,2,0.6666666666666666,0,0,2
1763683157.1264348,10.0.1.10,4,288,0.4,28.8,2,2,72.0,0.03630340033917411,0,0.0,0,0,2
1763683157.1539502,10.0.1.12,1,74,0.1,7.4,1,1,74.0,0,1,1.0,0,0,0
1763683158.1809268,10.0.2.10,1,42,0.1,4.2,0,0,42.0,0,0,0,0,1,1
1763683158.1969776,10.0.2.1,1,42,0.1,4.2,0,0,42.0,0,0,0,1,0,0
1763683158.2205892,10.0.1.10,2,140,0.2,14.0,1,1,70.0,0,0,0.0,0,0,1
1763683158.2619238,10.0.1.11,1,74,0.1,7.4,1,1,74.0,0,1,1.0,0,0,0
1763683160.3171036,10.0.2.10,2,148,0.2,14.8,1,1,74.0,0,2,1.0,0,0,1
1763683160.3263438,10.0.1.10,3,214,0.3,21.4,1,1,71.33333333333333,0.000993490219116211,0,0.0,0,0,1
1763683161.3549378,10.0.2.11,3,190,0.3,19.0,1,1,63.333333333333336,0.14222705364227295,2,1.0,0,1,2
1763683161.3694587,10.0.2.1,1,42,0.1,4.2,0,0,42.0,0,0,0,1,0,0
1763683161.396388,10.0.1.10,4,288,0.4,28.8,2,2,72.0,0.30227310473327357,0,0.0,0,0,3
1763683161.4223342,10.0.1.11,1,74,0.1,7.4,1,1,74.0,0,1,1.0,0,0,0
1763683163.445088,10.0.2.10,6,420,0.6,42.0,1,1,70.0,0.26231307839543,2,0.5,0,0,4
1763683163.473085,10.0.1.10,7,420,0.7,42.0,2,2,60.0,0.1395905034326461,0,0.0,0,0,4
1763683163.5159829,10.0.1.11,3,0,0.3,0.0,0,0,0.0,0.1328275203704834,0,0,0,0,1
1763683163.5629117,10.0.1.12,1,74,0.1,7.4,1,1,74.0,0,1,1.0,0,0,0
1763683165.6181269,10.0.2.11,2,148,0.2,14.8,1,1,74.0,0,2,1.0,0,0,2
1763683165.6281369,10.0.1.10,5,280,0.5,28.0,1,1,56.0,0.202750078867816,0,0.0,0,0,1
1763683165.6547747,10.0.1.12,1,0,0.1,0.0,0,0,0.0,0,0,0,0,0,0
1763683166.673928,10.0.2.10,2,148,0.2,14.8,1,1,74.0,0,2,1.0,0,0,2
1763683166.6824553,10.0.1.10,5,354,0.5,35.4,2,2,70.8,0.11411148733286411,0,0.0,0,0,2
1763683166.7095537,10.0.1.11,1,74,0.1,7.4,1,1,74.0,0,1,1.0,0,0,1
1763683167.7346578,10.0.2.10,2,0,0.2,0.0,0,0,0.0,0,0,0,0,0,2
1763683167.7633271,10.0.1.10,2,0,0.2,0.0,0,0,0.0,0,0,0,0,0,2
1763683169.7921607,10.0.2.11,2,148,0.2,14.8,1,1,74.0,0,2,1.0,0,0,2
1763683169.809374,10.0.1.10,6,420,0.6,42.0,2,2,70.0,0.000857640717856377,0,0.0,0,0,4
1763683169.838316,10.0.1.12,1,74,0.1,7.4,1,1,74.0,0,1,1.0,0,0,0
1763683170.8685913,10.0.2.10,2,148,0.2,14.8,1,1,74.0,0,2,1.0,0,0,2
1763683170.901376,10.0.1.10,6,420,0.6,42.0,2,2,70.0,0.07345180584622436,0,0.0,0,0,3
1763683170.9344742,10.0.1.11,1,74,0.1,7.4,1,1,74.0,0,1,1.0,0,0,0
1763683173.9708214,10.0.2.11,4,420,0.4,42.0,1,1,105.0,0.0014265241020129905,2,0.5,0,0,2
1763683173.995752,10.0.1.10,3,214,0.3,21.4,1,1,71.33333333333333,0.0009151697158813477,0,0.0,0,0,2
1763683175.0287747,10.0.2.10,4,420,0.4,42.0,1,1,105.0,0.0021715418650964545,2,0.5,0,0,2
1763683175.037863,10.0.1.10,4,288,0.4,28.8,2,2,72.0,0.09430655481041281,0,0.0,0,0,1
1763683175.0635648,10.0.1.11,1,74,0.1,7.4,1,1,74.0,0,1,1.0,0,0,0
1763683177.0868037,10.0.2.11,3,214,0.3,21.4,1,1,71.33333333333333,0.001797318458557129,2,0.6666666666666666,0,0,2
1763683177.0972626,10.0.1.10,4,288,0.4,28.8,2,2,72.0,0.2642789109795887,0,0.0,0,0,2
1763683177.1230521,10.0.1.12,1,74,0.1,7.4,1,1,74.0,0,1,1.0,0,0,0
1763683178.1442635,10.0.1.1,1,42,0.1,4.2,0,0,42.0,0,0,0,1,0,0
1763683178.1591518,10.0.1.11,1,42,0.1,4.2,0,0,42.0,0,0,0,0,1,0
1763683179.191331,10.0.2.10,2,148,0.2,14.8,1,1,74.0,0,2,1.0,0,0,2
1763683179.1998146,10.0.1.10,6,420,0.6,42.0,2,2,70.0,0.1697938418572127,0,0.0,0,0,2
1763683179.2282343,10.0.1.11,1,74,0.1,7.4,1,1,74.0,0,1,1.0,0,0,0
1763683180.2491472,10.0.2.11,2,148,0.2,14.8,1,1,74.0,0,2,1.0,0,0,2
1763683180.259598,10.0.1.10,4,280,0.4,28.0,1,1,70.0,0.0011753572053333132,0,0.0,0,0,2
1763683182.2911925,10.0.1.10,2,140,0.2,14.0,1,1,70.0,0,0,0.0,0,0,1
1763683182.2995632,10.0.1.11,1,74,0.1,7.4,1,1,74.0,0,1,1.0,0,0,0
1763683183.328032,10.0.2.10,4,420,0.4,42.0,1,1,105.0,0.0012991707015857494,2,0.5,0,0,2
1763683183.3377414,10.0.1.10,6,420,0.6,42.0,2,2,70.0,0.10599869579634666,0,0.0,0,0,4
1763683183.3686404,10.0.1.12,1,74,0.1,7.4,1,1,74.0,0,1,1.0,0,0,0
1763683184.3891985,10.0.2.11,2,148,0.2,14.8,1,1,74.0,0,2,1.0,0,0,2
1763683184.398666,10.0.1.10,4,280,0.4,28.0,1,1,70.0,0.0018167726878756283,0,0.0,0,0,1
1763683186.4293222,10.0.2.10,4,420,0.4,42.0,1,1,105.0,0.002582429973443353,2,0.5,0,0,2
1763683186.439209,10.0.1.10,4,288,0.4,28.8,2,2,72.0,0.19902423842461042,0,0.0,0,0,2
1763683186.4661663,10.0.1.11,1,74,0.1,7.4,1,1,74.0,0,1,1.0,0,0,0
1763683187.4849572,10.0.1.10,2,140,0.2,14.0,1,1,70.0,0,0,0.0,0,0,1
1763683187.4943748,10.0.1.12,1,74,0.1,7.4,1,1,74.0,0,1,1.0,0,0,0
1763683188.582301,10.0.2.10,2,0,0.2,0.0,0,0,0.0,0,0,0,0,0,2
1763683188.5909715,10.0.2.11,2,148,0.2,14.8,1,1,74.0,0,2,1.0,0,0,2
1763683188.686723,10.0.1.10,3,214,0.3,21.4,1,1,71.33333333333333,0.001011490821838379,0,0.0,0,0,1
1763683188.781462,10.0.1.11,2,0,0.2,0.0,0,0,0.0,0,0,0,0,0,1
1763683189.8655167,10.0.1.10,2,140,0.2,14.0,1,1,70.0,0,0,0.0,0,0,1
1763683189.874531,10.0.1.11,1,74,0.1,7.4,1,1,74.0,0,1,1.0,0,0,1
1763683190.9032366,10.0.2.10,2,148,0.2,14.8,1,1,74.0,0,2,1.0,0,0,2
1763683190.9118614,10.0.1.10,3,214,0.3,21.4,1,1,71.33333333333333,0.0007394552230834961,0,0.0,0,0,1
1763683191.9709983,10.0.2.10,1,42,0.1,4.2,0,0,42.0,0,0,0,0,1,1
1763683191.9830518,10.0.2.11,4,420,0.4,42.0,1,1,105.0,0.002432232584994956,2,0.5,0,0,2
1763683192.005528,10.0.2.1,1,42,0.1,4.2,0,0,42.0,0,0,0,1,0,0
1763683192.025478,10.0.1.10,5,362,0.5,36.2,3,3,72.4,0.10980041223614571,0,0.0,0,0,3
1763683192.0471952,10.0.1.11,1,74,0.1,7.4,1,1,74.0,0,1,1.0,0,0,0
1763683192.0654428,10.0.1.12,3,346,0.3,34.6,1,1,115.33333333333333,0.0035200119018554688,1,0.3333333333333333,0,0,0
1763683193.085713,10.0.1.1,1,42,0.1,4.2,0,0,42.0,0,0,0,0,1,0
1763683193.0945423,10.0.1.11,1,42,0.1,4.2,0,0,42.0,0,0,0,1,0,0
1763683194.1466439,10.0.2.11,1,42,0.1,4.2,0,0,42.0,0,0,0,0,1,1
1763683194.1710622,10.0.2.1,1,42,0.1,4.2,0,0,42.0,0,0,0,1,0,0
1763683195.2020915,10.0.2.10,2,148,0.2,14.8,1,1,74.0,0,2,1.0,0,0,1
1763683195.2110426,10.0.2.11,4,420,0.4,42.0,1,1,105.0,0.0026538205075580536,2,0.5,0,0,1
1763683195.2358313,10.0.1.10,7,428,0.7,42.8,2,2,61.142857142857146,0.1298695413559617,0,0.0,0,0,6
1763683195.258496,10.0.1.11,1,0,0.1,0.0,0,0,0.0,0,0,0,0,0,0
1763683197.2917056,10.0.1.10,5,346,0.5,34.6,2,2,69.2,0.0015406208352646397,0,0.0,0,0,0
1763683197.3016288,10.0.1.11,1,74,0.1,7.4,1,1,74.0,0,1,1.0,0,0,0
1763683197.3281362,10.0.1.12,1,74,0.1,7.4,1,1,74.0,0,1,1.0,0,0,0
1763683198.3580773,10.0.2.10,3,214,0.3,21.4,1,1,71.33333333333333,0.0033665895462036133,2,0.6666666666666666,0,0,2
1763683198.3683107,10.0.1.10,3,148,0.3,14.8,1,1,49.333333333333336,0.09199070930480957,0,0.0,0,0,1
1763683198.4003062,10.0.1.12,1,0,0.1,0.0,0,0,0.0,0,0,0,0,0,0
1763683199.4260204,10.0.2.10,2,0,0.2,0.0,0,0,0.0,0,0,0,0,0,2
1763683199.4385908,10.0.1.10,2,0,0.2,0.0,0,0,0.0,0,0,0,0,0,2
1763683200.4704373,10.0.2.11,2,148,0.2,14.8,1,1,74.0,0,2,1.0,0,0,2
1763683200.4799578,10.0.1.10,2,148,0.2,14.8,1,1,74.0,0,0,0.0,0,0,2
1763683202.5078924,10.0.2.10,2,148,0.2,14.8,1,1,74.0,0,2,1.0,0,0,2
1763683202.5177507,10.0.1.10,6,420,0.6,42.0,2,2,70.0,0.08701847344834855,0,0.0,0,0,2
1763683202.546192,10.0.1.11,1,74,0.1,7.4,1,1,74.0,0,1,1.0,0,0,0
1763683203.5803506,10.0.1.10,1,74,0.1,7.4,1,1,74.0,0,0,0.0,0,0,1
1763683203.6013753,10.0.1.12,3,346,0.3,34.6,1,1,115.33333333333333,0.001981019973754883,1,0.3333333333333333,0,0,0
1763683204.6289809,10.0.2.11,4,420,0.4,42.0,1,1,105.0,0.002435090678423559,2,0.5,0,0,2
1763683204.6405282,10.0.1.10,2,148,0.2,14.8,1,1,74.0,0,0,0.0,0,0,1
1763683205.6696842,10.0.2.10,2,148,0.2,14.8,1,1,74.0,0,2,1.0,0,0,2
1763683205.6782157,10.0.1.10,3,214,0.3,21.4,1,1,71.33333333333333,0.0003165006637573242,0,0.0,0,0,2
1763683207.7092311,10.0.2.11,2,148,0.2,14.8,1,1,74.0,0,2,1.0,0,0,2
1763683207.7153325,10.0.1.10,5,354,0.5,35.4,2,2,70.8,0.052325045531855775,0,0.0,0,0,3
1763683207.7404938,10.0.1.11,1,74,0.1,7.4,1,1,74.0,0,1,1.0,0,0,0
1763683209.7668247,10.0.2.10,2,148,0.2,14.8,1,1,74.0,0,2,1.0,0,0,2
1763683209.7774754,10.0.1.10,3,214,0.3,21.4,1,1,71.33333333333333,0.00043904781341552734,0,0.0,0,0,1
1763683210.8137634,10.0.1.10,5,346,0.5,34.6,2,2,69.2,0.0525220099282166,0,0.0,0,0,1
1763683210.835782,10.0.1.11,1,74,0.1,7.4,1,1,74.0,0,1,1.0,0,0,0
1763683210.867339,10.0.1.12,1,74,0.1,7.4,1,1,74.0,0,1,1.0,0,0,0
1763683211.8926427,10.0.2.11,2,148,0.2,14.8,1,1,74.0,0,2,1.0,0,0,2
1763683211.9025977,10.0.1.10,3,214,0.3,21.4,1,1,71.33333333333333,0.0005900859832763672,0,0.0,0,0,1
1763683213.933215,10.0.2.10,2,148,0.2,14.8,1,1,74.0,0,2,1.0,0,0,2
1763683213.9382434,10.0.1.10,4,280,0.4,28.0,1,1,70.0,0.001002843772605619,0,0.0,0,0,2
1763683214.9615438,10.0.1.10,5,346,0.5,34.6,2,2,69.2,0.01824271075442574,0,0.0,0,0,1
1763683214.976896,10.0.1.11,1,74,0.1,7.4,1,1,74.0,0,1,1.0,0,0,0
1763683215.0036764,10.0.1.12,1,74,0.1,7.4,1,1,74.0,0,1,1.0,0,0,0
1763683217.028543,10.0.2.10,2,0,0.2,0.0,0,0,0.0,0,0,0,0,0,2
1763683217.06685,10.0.2.11,2,148,0.2,14.8,1,1,74.0,0,2,1.0,0,0,2
1763683217.0973456,10.0.1.10,2,148,0.2,14.8,1,1,74.0,0,0,0.0,0,0,1
1763683217.1249642,10.0.1.11,2,0,0.2,0.0,0,0,0.0,0,0,0,0,0,1
1763683219.1531115,10.0.2.10,4,420,0.4,42.0,1,1,105.0,0.002136002797031856,2,0.5,0,0,2
1763683219.15966,10.0.1.10,4,288,0.4,28.8,2,2,72.0,0.29591626310309094,0,0.0,0,0,3
1763683219.1964133,10.0.1.11,1,74,0.1,7.4,1,1,74.0,0,1,1.0,0,0,1
1763683220.2535665,10.0.2.11,2,148,0.2,14.8,1,1,74.0,0,2,1.0,0,0,2
1763683220.2655845,10.0.1.10,4,280,0.4,28.0,1,1,70.0,9.19925728425535e-05,0,0.0,0,0,3
1763683222.3027549,10.0.2.10,2,148,0.2,14.8,1,1,74.0,0,2,1.0,0,0,2
1763683222.3107448,10.0.1.1,1,42,0.1,4.2,0,0,42.0,0,0,0,1,0,0
1763683222.3422666,10.0.1.10,6,420,0.6,42.0,2,2,70.0,0.09001420151065102,0,0.0,0,0,2
1763683222.370169,10.0.1.11,1,42,0.1,4.2,0,0,42.0,0,0,0,0,1,0
1763683222.3969495,10.0.1.12,1,74,0.1,7.4,1,1,74.0,0,1,1.0,0,0,0
1763683223.429466,10.0.2.10,1,42,0.1,4.2,0,0,42.0,0,0,0,0,1,1
1763683223.4404905,10.0.2.1,1,42,0.1,4.2,0,0,42.0,0,0,0,1,0,0
1763683224.470113,10.0.2.11,2,148,0.2,14.8,1,1,74.0,0,2,1.0,0,0,2
1763683224.4813619,10.0.1.10,6,420,0.6,42.0,2,2,70.0,0.12098944781112166,0,0.0,0,0,3
1763683224.5136638,10.0.1.11,1,74,0.1,7.4,1,1,74.0,0,1,1.0,0,0,0
1763683225.5411832,10.0.2.10,4,420,0.4,42.0,1,1,105.0,0.0037494560117659367,2,0.5,0,0,1
1763683225.5476518,10.0.1.10,2,148,0.2,14.8,1,1,74.0,0,0,0.0,0,0,1
1763683226.5836585,10.0.1.10,3,206,0.3,20.6,1,1,68.66666666666667,0.0009176731109619141,0,0.0,0,0,1
1763683226.5935752,10.0.1.12,1,74,0.1,7.4,1,1,74.0,0,1,1.0,0,0,0
1763683227.6247756,10.0.2.11,1,42,0.1,4.2,0,0,42.0,0,0,0,0,1,1
1763683227.6351042,10.0.2.1,1,42,0.1,4.2,0,0,42.0,0,0,0,1,0,0
1763683227.6663978,10.0.1.10,3,140,0.3,14.0,1,1,46.666666666666664,0.0822526216506958,0,0.0,0,0,0
1763683227.6910174,10.0.1.11,2,74,0.2,7.4,1,1,37.0,0,1,1.0,0,0,0
1763683228.7223868,10.0.2.11,2,148,0.2,14.8,1,1,74.0,0,2,1.0,0,0,1
1763683228.7323568,10.0.1.10,3,214,0.3,21.4,1,1,71.33333333333333,0.0007482767105102539,0,0.0,0,0,1
1763683229.7654974,10.0.2.10,2,0,0.2,0.0,0,0,0.0,0,0,0,0,0,2
1763683229.7807617,10.0.1.11,2,0,0.2,0.0,0,0,0.0,0,0,0,0,0,1
1763683230.8070886,10.0.2.10,2,148,0.2,14.8,1,1,74.0,0,2,1.0,0,0,2
1763683230.8204744,10.0.1.10,5,354,0.5,35.4,2,2,70.8,0.12917944771621223,0,0.0,0,0,2
1763683230.8549106,10.0.1.11,1,74,0.1,7.4,1,1,74.0,0,1,1.0,0,0,1
1763683231.882772,10.0.2.10,2,0,0.2,0.0,0,0,0.0,0,0,0,0,0,2
1763683231.8941512,10.0.2.11,2,148,0.2,14.8,1,1,74.0,0,2,1.0,0,0,2
1763683231.9228601,10.0.1.10,7,280,0.7,28.0,1,1,40.0,0.2660906536642313,0,0.0,0,0,6
1763683231.949847,10.0.1.12,1,0,0.1,0.0,0,0,0.0,0,0,0,0,0,0
1763683233.9732287,10.0.1.10,2,140,0.2,14.0,1,1,70.0,0,0,0.0,0,0,1
1763683233.9824185,10.0.1.12,1,74,0.1,7.4,1,1,74.0,0,1,1.0,0,0,0
1763683235.010596,10.0.2.10,2,148,0.2,14.8,1,1,74.0,0,2,1.0,0,0,2
1763683235.0320528,10.0.1.1,1,42,0.1,4.2,0,0,42.0,0,0,0,0,1,0
1763683235.0634906,10.0.1.10,6,420,0.6,42.0,2,2,70.0,0.30963008324325364,0,0.0,0,0,2
1763683235.088695,10.0.1.11,2,116,0.2,11.6,1,1,58.0,0,1,1.0,1,0,0
1763683237.1198487,10.0.2.11,2,148,0.2,14.8,1,1,74.0,0,2,1.0,0,0,2
1763683237.1409702,10.0.1.10,3,214,0.3,21.4,1,1,71.33333333333333,0.0012621879577636719,0,0.0,0,0,1
1763683238.17683,10.0.1.10,2,140,0.2,14.0,1,1,70.0,0,0,0.0,0,0,1
1763683238.1854208,10.0.1.11,1,74,0.1,7.4,1,1,74.0,0,1,1.0,0,0,0
1763683239.2177527,10.0.2.10,2,148,0.2,14.8,1,1,74.0,0,2,1.0,0,0,2
1763683239.2330418,10.0.1.10,6,412,0.6,41.2,1,1,68.66666666666667,0.00031201630941653176,0,0.0,0,0,3
1763683240.2684298,10.0.1.10,3,206,0.3,20.6,1,1,68.66666666666667,0.0006181001663208008,0,0.0,0,0,1
1763683240.2999566,10.0.1.12,1,74,0.1,7.4,1,1,74.0,0,1,1.0,0,0,0
1763683241.3345435,10.0.2.11,4,420,0.4,42.0,1,1,105.0,0.0032585596236712334,2,0.5,0,0,2
1763683241.3639174,10.0.1.10,2,148,0.2,14.8,1,1,74.0,0,0,0.0,0,0,1
1763683242.3963084,10.0.2.10,3,214,0.3,21.4,1,1,71.33333333333333,0.0029861927032470703,2,0.6666666666666666,0,0,2
1763683242.406493,10.0.1.10,2,148,0.2,14.8,1,1,74.0,0,0,0.0,0,0,2
1763683243.4342961,10.0.1.10,2,140,0.2,14.0,1,1,70.0,0,0,0.0,0,0,1
1763683243.4446378,10.0.1.11,1,74,0.1,7.4,1,1,74.0,0,1,1.0,0,0,0
1763683245.475024,10.0.2.10,4,420,0.4,42.0,1,1,105.0,0.0014891378921717013,2,0.5,0,0,2
1763683245.4932473,10.0.2.11,4,420,0.4,42.0,1,1,105.0,0.0025291242165366066,2,0.5,0,0,2
1763683245.5236027,10.0.1.10,7,502,0.7,50.2,3,3,71.71428571428571,0.026262359588334373,0,0.0,0,0,4
1763683245.5546505,10.0.1.12,1,74,0.1,7.4,1,1,74.0,0,1,1.0,0,0,0
1763683247.582721,10.0.1.10,2,140,0.2,14.0,1,1,70.0,0,0,0.0,0,0,0
1763683247.5928972,10.0.1.11,1,74,0.1,7.4,1,1,74.0,0,1,1.0,0,0,0
1763683249.6262984,10.0.2.10,2,0,0.2,0.0,0,0,0.0,0,0,0,0,0,2
1763683249.6430144,10.0.2.11,2,148,0.2,14.8,1,1,74.0,0,2,1.0,0,0,2
1763683249.6817505,10.0.1.10,2,148,0.2,14.8,1,1,74.0,0,0,0.0,0,0,1
1763683249.7155762,10.0.1.11,2,0,0.2,0.0,0,0,0.0,0,0,0,0,0,1
1763683250.7479165,10.0.2.10,4,420,0.4,42.0,1,1,105.0,0.0014327650730039815,2,0.5,0,0,2
1763683250.7558153,10.0.1.10,9,626,0.9,62.6,3,3,69.55555555555556,0.07972247789392328,0,0.0,0,0,5
1763683250.7850957,10.0.1.11,1,74,0.1,7.4,1,1,74.0,0,1,1.0,0,0,1
1763683250.8076086,10.0.1.12,1,74,0.1,7.4,1,1,74.0,0,1,1.0,0,0,0
1763683252.8337333,10.0.2.11,4,420,0.4,42.0,1,1,105.0,0.002073135348913343,2,0.5,0,0,2
1763683252.8415675,10.0.1.10,2,148,0.2,14.8,1,1,74.0,0,0,0.0,0,0,1
1763683254.873952,10.0.2.10,4,420,0.4,42.0,1,1,105.0,0.001670645660799747,2,0.5,0,0,2
1763683254.8837054,10.0.1.10,3,214,0.3,21.4,1,1,71.33333333333333,0.0007735490798950195,0,0.0,0,0,3
1763683255.909758,10.0.1.10,2,140,0.2,14.0,1,1,70.0,0,0,0.0,0,0,0
1763683255.9182308,10.0.1.11,1,74,0.1,7.4,1,1,74.0,0,1,1.0,0,0,0
1763683256.9519997,10.0.2.10,1,42,0.1,4.2,0,0,42.0,0,0,0,0,1,1
1763683256.959147,10.0.2.11,4,420,0.4,42.0,1,1,105.0,0.002136301221484776,2,0.5,0,0,2
1763683256.9890432,10.0.2.1,1,42,0.1,4.2,0,0,42.0,0,0,0,1,0,0
1763683257.0134542,10.0.1.10,4,288,0.4,28.8,2,2,72.0,0.03620140361280862,0,0.0,0,0,1
1763683257.0361142,10.0.1.12,1,74,0.1,7.4,1,1,74.0,0,1,1.0,0,0,0
1763683259.0595605,10.0.1.10,2,140,0.2,14.0,1,1,70.0,0,0,0.0,0,0,1
1763683259.0682821,10.0.1.11,1,74,0.1,7.4,1,1,74.0,0,1,1.0,0,0,0
1763683260.094829,10.0.2.10,4,420,0.4,42.0,1,1,105.0,0.002130617902737163,2,0.5,0,0,1
1763683260.1049902,10.0.2.11,1,42,0.1,4.2,0,0,42.0,0,0,0,0,1,1
1763683260.1400235,10.0.2.1,1,42,0.1,4.2,0,0,42.0,0,0,0,1,0,0
1763683260.1614277,10.0.1.10,3,148,0.3,14.8,1,1,49.333333333333336,0.06624734401702881,0,0.0,0,0,1
1763683260.18717,10.0.1.11,1,0,0.1,0.0,0,0,0.0,0,0,0,0,0,0
1763683261.2171338,10.0.2.10,2,0,0.2,0.0,0,0,0.0,0,0,0,0,0,2
1763683261.225957,10.0.2.11,4,420,0.4,42.0,1,1,105.0,0.0019523193950495565,2,0.5,0,0,1
1763683261.2564356,10.0.1.10,2,148,0.2,14.8,1,1,74.0,0,0,0.0,0,0,2
1763683261.2802398,10.0.1.11,2,0,0.2,0.0,0,0,0.0,0,0,0,0,0,1
1763683262.305386,10.0.1.10,2,140,0.2,14.0,1,1,70.0,0,0,0.0,0,0,1
1763683262.3161054,10.0.1.11,1,74,0.1,7.4,1,1,74.0,0,1,1.0,0,0,1
1763683263.341786,10.0.2.10,6,420,0.6,42.0,1,1,70.0,0.0329008852282963,2,0.5,0,0,4
1763683263.3510413,10.0.1.10,9,486,0.9,48.6,2,2,54.0,0.062391731870021075,0,0.0,0,0,5
1763683263.3810852,10.0.1.12,1,74,0.1,7.4,1,1,74.0,0,1,1.0,0,0,0
1763683264.403444,10.0.2.11,4,420,0.4,42.0,1,1,105.0,0.0022894861678696373,2,0.5,0,0,2
1763683264.4123735,10.0.1.10,3,148,0.3,14.8,1,1,49.333333333333336,0.054378509521484375,0,0.0,0,0,3
1763683264.4404962,10.0.1.12,1,0,0.1,0.0,0,0,0.0,0,0,0,0,0,0
1763683265.4648237,10.0.1.1,1,42,0.1,4.2,0,0,42.0,0,0,0,1,0,0
1763683265.4742732,10.0.1.10,3,206,0.3,20.6,1,1,68.66666666666667,0.0014377832412719727,0,0.0,0,0,0
1763683265.5048869,10.0.1.11,2,116,0.2,11.6,1,1,58.0,0,1,1.0,0,1,0
1763683267.532841,10.0.2.10,1,74,0.1,7.4,1,1,74.0,0,1,1.0,0,0,1
1763683268.5452366,10.0.2.10,1,74,0.1,7.4,1,1,74.0,0,1,1.0,0,0,1
1763683268.5534112,10.0.2.11,4,420,0.4,42.0,1,1,105.0,0.001775684472007061,2,0.5,0,0,2
1763683268.5852144,10.0.1.10,7,494,0.7,49.4,2,2,70.57142857142857,0.07176574356265598,0,0.0,0,0,6
1763683269.6151047,10.0.1.10,2,140,0.2,14.0,1,1,70.0,0,0,0.0,0,0,0
1763683269.6296434,10.0.1.11,1,74,0.1,7.4,1,1,74.0,0,1,1.0,0,0,0
1763683270.6592033,10.0.1.10,2,140,0.2,14.0,1,1,70.0,0,0,0.0,0,0,0
1763683270.6659474,10.0.1.12,1,74,0.1,7.4,1,1,74.0,0,1,1.0,0,0,0
1763683271.693709,10.0.2.10,4,420,0.4,42.0,1,1,105.0,0.00252054715586631,2,0.5,0,0,2
1763683271.69887,10.0.1.10,2,148,0.2,14.8,1,1,74.0,0,0,0.0,0,0,1
1763683272.7281473,10.0.2.11,2,148,0.2,14.8,1,1,74.0,0,2,1.0,0,0,2
1763683272.7440066,10.0.1.10,7,486,0.7,48.6,2,2,69.42857142857143,0.07554886586780234,0,0.0,0,0,4
1763683272.7763417,10.0.1.11,3,346,0.3,34.6,1,1,115.33333333333333,0.0019348859786987305,1,0.3333333333333333,0,0,0
